generalized_domain,domain_A_queries,domain_AAAA_queries,company,Num,Domain,search_pattern,domain_CNAME_queries,searched_correctly
tencentdevices.com,rrset/name/*.tencentdevices.com./A,rrset/name/*.tencentdevices.com./AAAA,Tencent Holdings,27.0,tencentdevices.com,(\S+\.)*(?=tencentdevices\.com$),rrset/name/*.tencentdevices.com./CNAME,True
iot-coaps.af-south-1.myhuaweicloud.com.,rrset/name/*.iot-coaps.af-south-1.myhuaweicloud.com./A,rrset/name/*.iot-coaps.af-south-1.myhuaweicloud.com./AAAA,'Huawei Technologies',,,,rrset/name/*.iot-coaps.af-south-1.myhuaweicloud.com./CNAME,
iot-coaps.ap-southeast-2.myhuaweicloud.com.,rrset/name/*.iot-coaps.ap-southeast-2.myhuaweicloud.com./A,rrset/name/*.iot-coaps.ap-southeast-2.myhuaweicloud.com./AAAA,'Huawei Technologies',,,,rrset/name/*.iot-coaps.ap-southeast-2.myhuaweicloud.com./CNAME,
iot-coaps.ap-southeast-1.myhuaweicloud.com.,rrset/name/*.iot-coaps.ap-southeast-1.myhuaweicloud.com./A,rrset/name/*.iot-coaps.ap-southeast-1.myhuaweicloud.com./AAAA,'Huawei Technologies',,,,rrset/name/*.iot-coaps.ap-southeast-1.myhuaweicloud.com./CNAME,
iot-coaps.ap-southeast-3.myhuaweicloud.com.,rrset/name/*.iot-coaps.ap-southeast-3.myhuaweicloud.com./A,rrset/name/*.iot-coaps.ap-southeast-3.myhuaweicloud.com./AAAA,'Huawei Technologies',,,,rrset/name/*.iot-coaps.ap-southeast-3.myhuaweicloud.com./CNAME,
iot-coaps.cn-east-3.myhuaweicloud.com.,rrset/name/*.iot-coaps.cn-east-3.myhuaweicloud.com./A,rrset/name/*.iot-coaps.cn-east-3.myhuaweicloud.com./AAAA,'Huawei Technologies',,,,rrset/name/*.iot-coaps.cn-east-3.myhuaweicloud.com./CNAME,
iot-coaps.cn-east-2.myhuaweicloud.com.,rrset/name/*.iot-coaps.cn-east-2.myhuaweicloud.com./A,rrset/name/*.iot-coaps.cn-east-2.myhuaweicloud.com./AAAA,'Huawei Technologies',,,,rrset/name/*.iot-coaps.cn-east-2.myhuaweicloud.com./CNAME,
iot-coaps.cn-east-1.myhuaweicloud.com.,rrset/name/*.iot-coaps.cn-east-1.myhuaweicloud.com./A,rrset/name/*.iot-coaps.cn-east-1.myhuaweicloud.com./AAAA,'Huawei Technologies',,,,rrset/name/*.iot-coaps.cn-east-1.myhuaweicloud.com./CNAME,
iot-coaps.cn-north-1.myhuaweicloud.com.,rrset/name/*.iot-coaps.cn-north-1.myhuaweicloud.com./A,rrset/name/*.iot-coaps.cn-north-1.myhuaweicloud.com./AAAA,'Huawei Technologies',,,,rrset/name/*.iot-coaps.cn-north-1.myhuaweicloud.com./CNAME,
iot-coaps.cn-south-1.myhuaweicloud.com.,rrset/name/*.iot-coaps.cn-south-1.myhuaweicloud.com./A,rrset/name/*.iot-coaps.cn-south-1.myhuaweicloud.com./AAAA,'Huawei Technologies',,,,rrset/name/*.iot-coaps.cn-south-1.myhuaweicloud.com./CNAME,
iot-coaps.cn-south-2.myhuaweicloud.com.,rrset/name/*.iot-coaps.cn-south-2.myhuaweicloud.com./A,rrset/name/*.iot-coaps.cn-south-2.myhuaweicloud.com./AAAA,'Huawei Technologies',,,,rrset/name/*.iot-coaps.cn-south-2.myhuaweicloud.com./CNAME,
iot-coaps.sa-argentina-1.myhuaweicloud.com.,rrset/name/*.iot-coaps.sa-argentina-1.myhuaweicloud.com./A,rrset/name/*.iot-coaps.sa-argentina-1.myhuaweicloud.com./AAAA,'Huawei Technologies',,,,rrset/name/*.iot-coaps.sa-argentina-1.myhuaweicloud.com./CNAME,
iot-coaps.sa-peru-1.myhuaweicloud.com.,rrset/name/*.iot-coaps.sa-peru-1.myhuaweicloud.com./A,rrset/name/*.iot-coaps.sa-peru-1.myhuaweicloud.com./AAAA,'Huawei Technologies',,,,rrset/name/*.iot-coaps.sa-peru-1.myhuaweicloud.com./CNAME,
iot-coaps.la-south-2.myhuaweicloud.com.,rrset/name/*.iot-coaps.la-south-2.myhuaweicloud.com./A,rrset/name/*.iot-coaps.la-south-2.myhuaweicloud.com./AAAA,'Huawei Technologies',,,,rrset/name/*.iot-coaps.la-south-2.myhuaweicloud.com./CNAME,
iot-coaps.sa-chile-1.myhuaweicloud.com.,rrset/name/*.iot-coaps.sa-chile-1.myhuaweicloud.com./A,rrset/name/*.iot-coaps.sa-chile-1.myhuaweicloud.com./AAAA,'Huawei Technologies',,,,rrset/name/*.iot-coaps.sa-chile-1.myhuaweicloud.com./CNAME,
iot-coaps.na-mexico-1.myhuaweicloud.com.,rrset/name/*.iot-coaps.na-mexico-1.myhuaweicloud.com./A,rrset/name/*.iot-coaps.na-mexico-1.myhuaweicloud.com./AAAA,'Huawei Technologies',,,,rrset/name/*.iot-coaps.na-mexico-1.myhuaweicloud.com./CNAME,
iot-coaps.sa-brazil-1.myhuaweicloud.com.,rrset/name/*.iot-coaps.sa-brazil-1.myhuaweicloud.com./A,rrset/name/*.iot-coaps.sa-brazil-1.myhuaweicloud.com./AAAA,'Huawei Technologies',,,,rrset/name/*.iot-coaps.sa-brazil-1.myhuaweicloud.com./CNAME,
iot-coaps.cn-southwest-2.myhuaweicloud.com.,rrset/name/*.iot-coaps.cn-southwest-2.myhuaweicloud.com./A,rrset/name/*.iot-coaps.cn-southwest-2.myhuaweicloud.com./AAAA,'Huawei Technologies',,,,rrset/name/*.iot-coaps.cn-southwest-2.myhuaweicloud.com./CNAME,
iot-coaps.cn-southwest-1.myhuaweicloud.com.,rrset/name/*.iot-coaps.cn-southwest-1.myhuaweicloud.com./A,rrset/name/*.iot-coaps.cn-southwest-1.myhuaweicloud.com./AAAA,'Huawei Technologies',,,,rrset/name/*.iot-coaps.cn-southwest-1.myhuaweicloud.com./CNAME,
iot-coaps.cn-north-4.myhuaweicloud.com.,rrset/name/*.iot-coaps.cn-north-4.myhuaweicloud.com./A,rrset/name/*.iot-coaps.cn-north-4.myhuaweicloud.com./AAAA,'Huawei Technologies',,,,rrset/name/*.iot-coaps.cn-north-4.myhuaweicloud.com./CNAME,
iot-coaps.cn-north-2.myhuaweicloud.com.,rrset/name/*.iot-coaps.cn-north-2.myhuaweicloud.com./A,rrset/name/*.iot-coaps.cn-north-2.myhuaweicloud.com./AAAA,'Huawei Technologies',,,,rrset/name/*.iot-coaps.cn-north-2.myhuaweicloud.com./CNAME,
iot-coaps.cn-north-3.myhuaweicloud.com.,rrset/name/*.iot-coaps.cn-north-3.myhuaweicloud.com./A,rrset/name/*.iot-coaps.cn-north-3.myhuaweicloud.com./AAAA,'Huawei Technologies',,,,rrset/name/*.iot-coaps.cn-north-3.myhuaweicloud.com./CNAME,
iot-coaps.ru-northwest-2.myhuaweicloud.com.,rrset/name/*.iot-coaps.ru-northwest-2.myhuaweicloud.com./A,rrset/name/*.iot-coaps.ru-northwest-2.myhuaweicloud.com./AAAA,'Huawei Technologies',,,,rrset/name/*.iot-coaps.ru-northwest-2.myhuaweicloud.com./CNAME,
iot-coaps.ru-northwest-1.myhuaweicloud.com.,rrset/name/*.iot-coaps.ru-northwest-1.myhuaweicloud.com./A,rrset/name/*.iot-coaps.ru-northwest-1.myhuaweicloud.com./AAAA,'Huawei Technologies',,,,rrset/name/*.iot-coaps.ru-northwest-1.myhuaweicloud.com./CNAME,
iot-coaps.eu-west-0.myhuaweicloud.com.,rrset/name/*.iot-coaps.eu-west-0.myhuaweicloud.com./A,rrset/name/*.iot-coaps.eu-west-0.myhuaweicloud.com./AAAA,'Huawei Technologies',,,,rrset/name/*.iot-coaps.eu-west-0.myhuaweicloud.com./CNAME,
iot-coaps.la-south-1.myhuaweicloud.com.,rrset/name/*.iot-coaps.la-south-1.myhuaweicloud.com./A,rrset/name/*.iot-coaps.la-south-1.myhuaweicloud.com./AAAA,'Huawei Technologies',,,,rrset/name/*.iot-coaps.la-south-1.myhuaweicloud.com./CNAME,
iot-amqps.cn-north-4.myhuaweicloud.com.,rrset/name/*.iot-amqps.cn-north-4.myhuaweicloud.com./A,rrset/name/*.iot-amqps.cn-north-4.myhuaweicloud.com./AAAA,'Huawei Technologies',,,,rrset/name/*.iot-amqps.cn-north-4.myhuaweicloud.com./CNAME,
iot-mqtts.af-south-1.myhuaweicloud.com.,rrset/name/*.iot-mqtts.af-south-1.myhuaweicloud.com./A,rrset/name/*.iot-mqtts.af-south-1.myhuaweicloud.com./AAAA,'Huawei Technologies',,,,rrset/name/*.iot-mqtts.af-south-1.myhuaweicloud.com./CNAME,
iot-mqtts.ap-southeast-2.myhuaweicloud.com.,rrset/name/*.iot-mqtts.ap-southeast-2.myhuaweicloud.com./A,rrset/name/*.iot-mqtts.ap-southeast-2.myhuaweicloud.com./AAAA,'Huawei Technologies',,,,rrset/name/*.iot-mqtts.ap-southeast-2.myhuaweicloud.com./CNAME,
iot-mqtts.ap-southeast-1.myhuaweicloud.com.,rrset/name/*.iot-mqtts.ap-southeast-1.myhuaweicloud.com./A,rrset/name/*.iot-mqtts.ap-southeast-1.myhuaweicloud.com./AAAA,'Huawei Technologies',,,,rrset/name/*.iot-mqtts.ap-southeast-1.myhuaweicloud.com./CNAME,
iot-mqtts.ap-southeast-3.myhuaweicloud.com.,rrset/name/*.iot-mqtts.ap-southeast-3.myhuaweicloud.com./A,rrset/name/*.iot-mqtts.ap-southeast-3.myhuaweicloud.com./AAAA,'Huawei Technologies',,,,rrset/name/*.iot-mqtts.ap-southeast-3.myhuaweicloud.com./CNAME,
iot-mqtts.cn-east-3.myhuaweicloud.com.,rrset/name/*.iot-mqtts.cn-east-3.myhuaweicloud.com./A,rrset/name/*.iot-mqtts.cn-east-3.myhuaweicloud.com./AAAA,'Huawei Technologies',,,,rrset/name/*.iot-mqtts.cn-east-3.myhuaweicloud.com./CNAME,
iot-mqtts.cn-east-2.myhuaweicloud.com.,rrset/name/*.iot-mqtts.cn-east-2.myhuaweicloud.com./A,rrset/name/*.iot-mqtts.cn-east-2.myhuaweicloud.com./AAAA,'Huawei Technologies',,,,rrset/name/*.iot-mqtts.cn-east-2.myhuaweicloud.com./CNAME,
iot-mqtts.cn-east-1.myhuaweicloud.com.,rrset/name/*.iot-mqtts.cn-east-1.myhuaweicloud.com./A,rrset/name/*.iot-mqtts.cn-east-1.myhuaweicloud.com./AAAA,'Huawei Technologies',,,,rrset/name/*.iot-mqtts.cn-east-1.myhuaweicloud.com./CNAME,
iot-mqtts.cn-north-1.myhuaweicloud.com.,rrset/name/*.iot-mqtts.cn-north-1.myhuaweicloud.com./A,rrset/name/*.iot-mqtts.cn-north-1.myhuaweicloud.com./AAAA,'Huawei Technologies',,,,rrset/name/*.iot-mqtts.cn-north-1.myhuaweicloud.com./CNAME,
iot-mqtts.cn-south-1.myhuaweicloud.com.,rrset/name/*.iot-mqtts.cn-south-1.myhuaweicloud.com./A,rrset/name/*.iot-mqtts.cn-south-1.myhuaweicloud.com./AAAA,'Huawei Technologies',,,,rrset/name/*.iot-mqtts.cn-south-1.myhuaweicloud.com./CNAME,
iot-mqtts.cn-south-2.myhuaweicloud.com.,rrset/name/*.iot-mqtts.cn-south-2.myhuaweicloud.com./A,rrset/name/*.iot-mqtts.cn-south-2.myhuaweicloud.com./AAAA,'Huawei Technologies',,,,rrset/name/*.iot-mqtts.cn-south-2.myhuaweicloud.com./CNAME,
iot-mqtts.sa-argentina-1.myhuaweicloud.com.,rrset/name/*.iot-mqtts.sa-argentina-1.myhuaweicloud.com./A,rrset/name/*.iot-mqtts.sa-argentina-1.myhuaweicloud.com./AAAA,'Huawei Technologies',,,,rrset/name/*.iot-mqtts.sa-argentina-1.myhuaweicloud.com./CNAME,
iot-mqtts.sa-peru-1.myhuaweicloud.com.,rrset/name/*.iot-mqtts.sa-peru-1.myhuaweicloud.com./A,rrset/name/*.iot-mqtts.sa-peru-1.myhuaweicloud.com./AAAA,'Huawei Technologies',,,,rrset/name/*.iot-mqtts.sa-peru-1.myhuaweicloud.com./CNAME,
iot-mqtts.la-south-2.myhuaweicloud.com.,rrset/name/*.iot-mqtts.la-south-2.myhuaweicloud.com./A,rrset/name/*.iot-mqtts.la-south-2.myhuaweicloud.com./AAAA,'Huawei Technologies',,,,rrset/name/*.iot-mqtts.la-south-2.myhuaweicloud.com./CNAME,
iot-mqtts.sa-chile-1.myhuaweicloud.com.,rrset/name/*.iot-mqtts.sa-chile-1.myhuaweicloud.com./A,rrset/name/*.iot-mqtts.sa-chile-1.myhuaweicloud.com./AAAA,'Huawei Technologies',,,,rrset/name/*.iot-mqtts.sa-chile-1.myhuaweicloud.com./CNAME,
iot-mqtts.na-mexico-1.myhuaweicloud.com.,rrset/name/*.iot-mqtts.na-mexico-1.myhuaweicloud.com./A,rrset/name/*.iot-mqtts.na-mexico-1.myhuaweicloud.com./AAAA,'Huawei Technologies',,,,rrset/name/*.iot-mqtts.na-mexico-1.myhuaweicloud.com./CNAME,
iot-mqtts.sa-brazil-1.myhuaweicloud.com.,rrset/name/*.iot-mqtts.sa-brazil-1.myhuaweicloud.com./A,rrset/name/*.iot-mqtts.sa-brazil-1.myhuaweicloud.com./AAAA,'Huawei Technologies',,,,rrset/name/*.iot-mqtts.sa-brazil-1.myhuaweicloud.com./CNAME,
iot-mqtts.cn-southwest-2.myhuaweicloud.com.,rrset/name/*.iot-mqtts.cn-southwest-2.myhuaweicloud.com./A,rrset/name/*.iot-mqtts.cn-southwest-2.myhuaweicloud.com./AAAA,'Huawei Technologies',,,,rrset/name/*.iot-mqtts.cn-southwest-2.myhuaweicloud.com./CNAME,
iot-mqtts.cn-southwest-1.myhuaweicloud.com.,rrset/name/*.iot-mqtts.cn-southwest-1.myhuaweicloud.com./A,rrset/name/*.iot-mqtts.cn-southwest-1.myhuaweicloud.com./AAAA,'Huawei Technologies',,,,rrset/name/*.iot-mqtts.cn-southwest-1.myhuaweicloud.com./CNAME,
iot-mqtts.cn-north-4.myhuaweicloud.com.,rrset/name/*.iot-mqtts.cn-north-4.myhuaweicloud.com./A,rrset/name/*.iot-mqtts.cn-north-4.myhuaweicloud.com./AAAA,'Huawei Technologies',,,,rrset/name/*.iot-mqtts.cn-north-4.myhuaweicloud.com./CNAME,
iot-mqtts.cn-north-2.myhuaweicloud.com.,rrset/name/*.iot-mqtts.cn-north-2.myhuaweicloud.com./A,rrset/name/*.iot-mqtts.cn-north-2.myhuaweicloud.com./AAAA,'Huawei Technologies',,,,rrset/name/*.iot-mqtts.cn-north-2.myhuaweicloud.com./CNAME,
iot-mqtts.cn-north-3.myhuaweicloud.com.,rrset/name/*.iot-mqtts.cn-north-3.myhuaweicloud.com./A,rrset/name/*.iot-mqtts.cn-north-3.myhuaweicloud.com./AAAA,'Huawei Technologies',,,,rrset/name/*.iot-mqtts.cn-north-3.myhuaweicloud.com./CNAME,
iot-mqtts.ru-northwest-2.myhuaweicloud.com.,rrset/name/*.iot-mqtts.ru-northwest-2.myhuaweicloud.com./A,rrset/name/*.iot-mqtts.ru-northwest-2.myhuaweicloud.com./AAAA,'Huawei Technologies',,,,rrset/name/*.iot-mqtts.ru-northwest-2.myhuaweicloud.com./CNAME,
iot-mqtts.ru-northwest-1.myhuaweicloud.com.,rrset/name/*.iot-mqtts.ru-northwest-1.myhuaweicloud.com./A,rrset/name/*.iot-mqtts.ru-northwest-1.myhuaweicloud.com./AAAA,'Huawei Technologies',,,,rrset/name/*.iot-mqtts.ru-northwest-1.myhuaweicloud.com./CNAME,
iot-mqtts.eu-west-0.myhuaweicloud.com.,rrset/name/*.iot-mqtts.eu-west-0.myhuaweicloud.com./A,rrset/name/*.iot-mqtts.eu-west-0.myhuaweicloud.com./AAAA,'Huawei Technologies',,,,rrset/name/*.iot-mqtts.eu-west-0.myhuaweicloud.com./CNAME,
iot-mqtts.la-south-1.myhuaweicloud.com.,rrset/name/*.iot-mqtts.la-south-1.myhuaweicloud.com./A,rrset/name/*.iot-mqtts.la-south-1.myhuaweicloud.com./AAAA,'Huawei Technologies',,,,rrset/name/*.iot-mqtts.la-south-1.myhuaweicloud.com./CNAME,
iot-https.af-south-1.myhuaweicloud.com.,rrset/name/*.iot-https.af-south-1.myhuaweicloud.com./A,rrset/name/*.iot-https.af-south-1.myhuaweicloud.com./AAAA,'Huawei Technologies',,,,rrset/name/*.iot-https.af-south-1.myhuaweicloud.com./CNAME,
iot-https.ap-southeast-2.myhuaweicloud.com.,rrset/name/*.iot-https.ap-southeast-2.myhuaweicloud.com./A,rrset/name/*.iot-https.ap-southeast-2.myhuaweicloud.com./AAAA,'Huawei Technologies',,,,rrset/name/*.iot-https.ap-southeast-2.myhuaweicloud.com./CNAME,
iot-https.ap-southeast-1.myhuaweicloud.com.,rrset/name/*.iot-https.ap-southeast-1.myhuaweicloud.com./A,rrset/name/*.iot-https.ap-southeast-1.myhuaweicloud.com./AAAA,'Huawei Technologies',,,,rrset/name/*.iot-https.ap-southeast-1.myhuaweicloud.com./CNAME,
iot-https.ap-southeast-3.myhuaweicloud.com.,rrset/name/*.iot-https.ap-southeast-3.myhuaweicloud.com./A,rrset/name/*.iot-https.ap-southeast-3.myhuaweicloud.com./AAAA,'Huawei Technologies',,,,rrset/name/*.iot-https.ap-southeast-3.myhuaweicloud.com./CNAME,
iot-https.cn-east-3.myhuaweicloud.com.,rrset/name/*.iot-https.cn-east-3.myhuaweicloud.com./A,rrset/name/*.iot-https.cn-east-3.myhuaweicloud.com./AAAA,'Huawei Technologies',,,,rrset/name/*.iot-https.cn-east-3.myhuaweicloud.com./CNAME,
iot-https.cn-east-2.myhuaweicloud.com.,rrset/name/*.iot-https.cn-east-2.myhuaweicloud.com./A,rrset/name/*.iot-https.cn-east-2.myhuaweicloud.com./AAAA,'Huawei Technologies',,,,rrset/name/*.iot-https.cn-east-2.myhuaweicloud.com./CNAME,
iot-https.cn-east-1.myhuaweicloud.com.,rrset/name/*.iot-https.cn-east-1.myhuaweicloud.com./A,rrset/name/*.iot-https.cn-east-1.myhuaweicloud.com./AAAA,'Huawei Technologies',,,,rrset/name/*.iot-https.cn-east-1.myhuaweicloud.com./CNAME,
iot-https.cn-north-1.myhuaweicloud.com.,rrset/name/*.iot-https.cn-north-1.myhuaweicloud.com./A,rrset/name/*.iot-https.cn-north-1.myhuaweicloud.com./AAAA,'Huawei Technologies',,,,rrset/name/*.iot-https.cn-north-1.myhuaweicloud.com./CNAME,
iot-https.cn-south-1.myhuaweicloud.com.,rrset/name/*.iot-https.cn-south-1.myhuaweicloud.com./A,rrset/name/*.iot-https.cn-south-1.myhuaweicloud.com./AAAA,'Huawei Technologies',,,,rrset/name/*.iot-https.cn-south-1.myhuaweicloud.com./CNAME,
iot-https.cn-south-2.myhuaweicloud.com.,rrset/name/*.iot-https.cn-south-2.myhuaweicloud.com./A,rrset/name/*.iot-https.cn-south-2.myhuaweicloud.com./AAAA,'Huawei Technologies',,,,rrset/name/*.iot-https.cn-south-2.myhuaweicloud.com./CNAME,
iot-https.sa-argentina-1.myhuaweicloud.com.,rrset/name/*.iot-https.sa-argentina-1.myhuaweicloud.com./A,rrset/name/*.iot-https.sa-argentina-1.myhuaweicloud.com./AAAA,'Huawei Technologies',,,,rrset/name/*.iot-https.sa-argentina-1.myhuaweicloud.com./CNAME,
iot-https.sa-peru-1.myhuaweicloud.com.,rrset/name/*.iot-https.sa-peru-1.myhuaweicloud.com./A,rrset/name/*.iot-https.sa-peru-1.myhuaweicloud.com./AAAA,'Huawei Technologies',,,,rrset/name/*.iot-https.sa-peru-1.myhuaweicloud.com./CNAME,
iot-https.la-south-2.myhuaweicloud.com.,rrset/name/*.iot-https.la-south-2.myhuaweicloud.com./A,rrset/name/*.iot-https.la-south-2.myhuaweicloud.com./AAAA,'Huawei Technologies',,,,rrset/name/*.iot-https.la-south-2.myhuaweicloud.com./CNAME,
iot-https.sa-chile-1.myhuaweicloud.com.,rrset/name/*.iot-https.sa-chile-1.myhuaweicloud.com./A,rrset/name/*.iot-https.sa-chile-1.myhuaweicloud.com./AAAA,'Huawei Technologies',,,,rrset/name/*.iot-https.sa-chile-1.myhuaweicloud.com./CNAME,
iot-https.na-mexico-1.myhuaweicloud.com.,rrset/name/*.iot-https.na-mexico-1.myhuaweicloud.com./A,rrset/name/*.iot-https.na-mexico-1.myhuaweicloud.com./AAAA,'Huawei Technologies',,,,rrset/name/*.iot-https.na-mexico-1.myhuaweicloud.com./CNAME,
iot-https.sa-brazil-1.myhuaweicloud.com.,rrset/name/*.iot-https.sa-brazil-1.myhuaweicloud.com./A,rrset/name/*.iot-https.sa-brazil-1.myhuaweicloud.com./AAAA,'Huawei Technologies',,,,rrset/name/*.iot-https.sa-brazil-1.myhuaweicloud.com./CNAME,
iot-https.cn-southwest-2.myhuaweicloud.com.,rrset/name/*.iot-https.cn-southwest-2.myhuaweicloud.com./A,rrset/name/*.iot-https.cn-southwest-2.myhuaweicloud.com./AAAA,'Huawei Technologies',,,,rrset/name/*.iot-https.cn-southwest-2.myhuaweicloud.com./CNAME,
iot-https.cn-southwest-1.myhuaweicloud.com.,rrset/name/*.iot-https.cn-southwest-1.myhuaweicloud.com./A,rrset/name/*.iot-https.cn-southwest-1.myhuaweicloud.com./AAAA,'Huawei Technologies',,,,rrset/name/*.iot-https.cn-southwest-1.myhuaweicloud.com./CNAME,
iot-https.cn-north-4.myhuaweicloud.com.,rrset/name/*.iot-https.cn-north-4.myhuaweicloud.com./A,rrset/name/*.iot-https.cn-north-4.myhuaweicloud.com./AAAA,'Huawei Technologies',,,,rrset/name/*.iot-https.cn-north-4.myhuaweicloud.com./CNAME,
iot-amqps.cn-north-4.myhuaweicloud.com.,rrset/name/*.iot-amqps.cn-north-4.myhuaweicloud.com./A,rrset/name/*.iot-amqps.cn-north-4.myhuaweicloud.com./AAAA,'Huawei Technologies',,,,rrset/name/*.iot-amqps.cn-north-4.myhuaweicloud.com./CNAME,
iot-amqps.cn-north-3.myhuaweicloud.com.,rrset/name/*.iot-amqps.cn-north-3.myhuaweicloud.com./A,rrset/name/*.iot-amqps.cn-north-3.myhuaweicloud.com./AAAA,'Huawei Technologies',,,,rrset/name/*.iot-amqps.cn-north-3.myhuaweicloud.com./CNAME,
iot-amqps.cn-north-2.myhuaweicloud.com.,rrset/name/*.iot-amqps.cn-north-2.myhuaweicloud.com./A,rrset/name/*.iot-amqps.cn-north-2.myhuaweicloud.com./AAAA,'Huawei Technologies',,,,rrset/name/*.iot-amqps.cn-north-2.myhuaweicloud.com./CNAME,
iot-amqps.cn-north-1.myhuaweicloud.com.,rrset/name/*.iot-amqps.cn-north-1.myhuaweicloud.com./A,rrset/name/*.iot-amqps.cn-north-1.myhuaweicloud.com./AAAA,'Huawei Technologies',,,,rrset/name/*.iot-amqps.cn-north-1.myhuaweicloud.com./CNAME,
iot-https.cn-north-2.myhuaweicloud.com.,rrset/name/*.iot-https.cn-north-2.myhuaweicloud.com./A,rrset/name/*.iot-https.cn-north-2.myhuaweicloud.com./AAAA,'Huawei Technologies',,,,rrset/name/*.iot-https.cn-north-2.myhuaweicloud.com./CNAME,
iot-https.cn-north-3.myhuaweicloud.com.,rrset/name/*.iot-https.cn-north-3.myhuaweicloud.com./A,rrset/name/*.iot-https.cn-north-3.myhuaweicloud.com./AAAA,'Huawei Technologies',,,,rrset/name/*.iot-https.cn-north-3.myhuaweicloud.com./CNAME,
iot-https.ru-northwest-2.myhuaweicloud.com.,rrset/name/*.iot-https.ru-northwest-2.myhuaweicloud.com./A,rrset/name/*.iot-https.ru-northwest-2.myhuaweicloud.com./AAAA,'Huawei Technologies',,,,rrset/name/*.iot-https.ru-northwest-2.myhuaweicloud.com./CNAME,
iot-https.ru-northwest-1.myhuaweicloud.com.,rrset/name/*.iot-https.ru-northwest-1.myhuaweicloud.com./A,rrset/name/*.iot-https.ru-northwest-1.myhuaweicloud.com./AAAA,'Huawei Technologies',,,,rrset/name/*.iot-https.ru-northwest-1.myhuaweicloud.com./CNAME,
iot-https.eu-west-0.myhuaweicloud.com.,rrset/name/*.iot-https.eu-west-0.myhuaweicloud.com./A,rrset/name/*.iot-https.eu-west-0.myhuaweicloud.com./AAAA,'Huawei Technologies',,,,rrset/name/*.iot-https.eu-west-0.myhuaweicloud.com./CNAME,
iot-https.la-south-1.myhuaweicloud.com.,rrset/name/*.iot-https.la-south-1.myhuaweicloud.com./A,rrset/name/*.iot-https.la-south-1.myhuaweicloud.com./AAAA,'Huawei Technologies',,,,rrset/name/*.iot-https.la-south-1.myhuaweicloud.com./CNAME,
iot-acc.af-south-1.myhuaweicloud.com.,rrset/name/*.iot-acc.af-south-1.myhuaweicloud.com./A,rrset/name/*.iot-acc.af-south-1.myhuaweicloud.com./AAAA,'Huawei Technologies',,,,rrset/name/*.iot-acc.af-south-1.myhuaweicloud.com./CNAME,
iot-acc.ap-southeast-2.myhuaweicloud.com.,rrset/name/*.iot-acc.ap-southeast-2.myhuaweicloud.com./A,rrset/name/*.iot-acc.ap-southeast-2.myhuaweicloud.com./AAAA,'Huawei Technologies',,,,rrset/name/*.iot-acc.ap-southeast-2.myhuaweicloud.com./CNAME,
iot-acc.ap-southeast-1.myhuaweicloud.com.,rrset/name/*.iot-acc.ap-southeast-1.myhuaweicloud.com./A,rrset/name/*.iot-acc.ap-southeast-1.myhuaweicloud.com./AAAA,'Huawei Technologies',,,,rrset/name/*.iot-acc.ap-southeast-1.myhuaweicloud.com./CNAME,
iot-acc.ap-southeast-3.myhuaweicloud.com.,rrset/name/*.iot-acc.ap-southeast-3.myhuaweicloud.com./A,rrset/name/*.iot-acc.ap-southeast-3.myhuaweicloud.com./AAAA,'Huawei Technologies',,,,rrset/name/*.iot-acc.ap-southeast-3.myhuaweicloud.com./CNAME,
iot-acc.cn-east-3.myhuaweicloud.com.,rrset/name/*.iot-acc.cn-east-3.myhuaweicloud.com./A,rrset/name/*.iot-acc.cn-east-3.myhuaweicloud.com./AAAA,'Huawei Technologies',,,,rrset/name/*.iot-acc.cn-east-3.myhuaweicloud.com./CNAME,
iot-acc.cn-east-2.myhuaweicloud.com.,rrset/name/*.iot-acc.cn-east-2.myhuaweicloud.com./A,rrset/name/*.iot-acc.cn-east-2.myhuaweicloud.com./AAAA,'Huawei Technologies',,,,rrset/name/*.iot-acc.cn-east-2.myhuaweicloud.com./CNAME,
iot-acc.cn-east-1.myhuaweicloud.com.,rrset/name/*.iot-acc.cn-east-1.myhuaweicloud.com./A,rrset/name/*.iot-acc.cn-east-1.myhuaweicloud.com./AAAA,'Huawei Technologies',,,,rrset/name/*.iot-acc.cn-east-1.myhuaweicloud.com./CNAME,
iot-acc.cn-north-1.myhuaweicloud.com.,rrset/name/*.iot-acc.cn-north-1.myhuaweicloud.com./A,rrset/name/*.iot-acc.cn-north-1.myhuaweicloud.com./AAAA,'Huawei Technologies',,,,rrset/name/*.iot-acc.cn-north-1.myhuaweicloud.com./CNAME,
iot-acc.cn-south-1.myhuaweicloud.com.,rrset/name/*.iot-acc.cn-south-1.myhuaweicloud.com./A,rrset/name/*.iot-acc.cn-south-1.myhuaweicloud.com./AAAA,'Huawei Technologies',,,,rrset/name/*.iot-acc.cn-south-1.myhuaweicloud.com./CNAME,
iot-acc.cn-south-2.myhuaweicloud.com.,rrset/name/*.iot-acc.cn-south-2.myhuaweicloud.com./A,rrset/name/*.iot-acc.cn-south-2.myhuaweicloud.com./AAAA,'Huawei Technologies',,,,rrset/name/*.iot-acc.cn-south-2.myhuaweicloud.com./CNAME,
iot-acc.sa-argentina-1.myhuaweicloud.com.,rrset/name/*.iot-acc.sa-argentina-1.myhuaweicloud.com./A,rrset/name/*.iot-acc.sa-argentina-1.myhuaweicloud.com./AAAA,'Huawei Technologies',,,,rrset/name/*.iot-acc.sa-argentina-1.myhuaweicloud.com./CNAME,
iot-acc.sa-peru-1.myhuaweicloud.com.,rrset/name/*.iot-acc.sa-peru-1.myhuaweicloud.com./A,rrset/name/*.iot-acc.sa-peru-1.myhuaweicloud.com./AAAA,'Huawei Technologies',,,,rrset/name/*.iot-acc.sa-peru-1.myhuaweicloud.com./CNAME,
iot-acc.la-south-2.myhuaweicloud.com.,rrset/name/*.iot-acc.la-south-2.myhuaweicloud.com./A,rrset/name/*.iot-acc.la-south-2.myhuaweicloud.com./AAAA,'Huawei Technologies',,,,rrset/name/*.iot-acc.la-south-2.myhuaweicloud.com./CNAME,
iot-acc.sa-chile-1.myhuaweicloud.com.,rrset/name/*.iot-acc.sa-chile-1.myhuaweicloud.com./A,rrset/name/*.iot-acc.sa-chile-1.myhuaweicloud.com./AAAA,'Huawei Technologies',,,,rrset/name/*.iot-acc.sa-chile-1.myhuaweicloud.com./CNAME,
iot-acc.na-mexico-1.myhuaweicloud.com.,rrset/name/*.iot-acc.na-mexico-1.myhuaweicloud.com./A,rrset/name/*.iot-acc.na-mexico-1.myhuaweicloud.com./AAAA,'Huawei Technologies',,,,rrset/name/*.iot-acc.na-mexico-1.myhuaweicloud.com./CNAME,
iot-acc.sa-brazil-1.myhuaweicloud.com.,rrset/name/*.iot-acc.sa-brazil-1.myhuaweicloud.com./A,rrset/name/*.iot-acc.sa-brazil-1.myhuaweicloud.com./AAAA,'Huawei Technologies',,,,rrset/name/*.iot-acc.sa-brazil-1.myhuaweicloud.com./CNAME,
iot-acc.cn-southwest-2.myhuaweicloud.com.,rrset/name/*.iot-acc.cn-southwest-2.myhuaweicloud.com./A,rrset/name/*.iot-acc.cn-southwest-2.myhuaweicloud.com./AAAA,'Huawei Technologies',,,,rrset/name/*.iot-acc.cn-southwest-2.myhuaweicloud.com./CNAME,
iot-acc.cn-southwest-1.myhuaweicloud.com.,rrset/name/*.iot-acc.cn-southwest-1.myhuaweicloud.com./A,rrset/name/*.iot-acc.cn-southwest-1.myhuaweicloud.com./AAAA,'Huawei Technologies',,,,rrset/name/*.iot-acc.cn-southwest-1.myhuaweicloud.com./CNAME,
iot-acc.cn-north-4.myhuaweicloud.com.,rrset/name/*.iot-acc.cn-north-4.myhuaweicloud.com./A,rrset/name/*.iot-acc.cn-north-4.myhuaweicloud.com./AAAA,'Huawei Technologies',,,,rrset/name/*.iot-acc.cn-north-4.myhuaweicloud.com./CNAME,
iot-acc.cn-north-2.myhuaweicloud.com.,rrset/name/*.iot-acc.cn-north-2.myhuaweicloud.com./A,rrset/name/*.iot-acc.cn-north-2.myhuaweicloud.com./AAAA,'Huawei Technologies',,,,rrset/name/*.iot-acc.cn-north-2.myhuaweicloud.com./CNAME,
iot-acc.cn-north-3.myhuaweicloud.com.,rrset/name/*.iot-acc.cn-north-3.myhuaweicloud.com./A,rrset/name/*.iot-acc.cn-north-3.myhuaweicloud.com./AAAA,'Huawei Technologies',,,,rrset/name/*.iot-acc.cn-north-3.myhuaweicloud.com./CNAME,
iot-acc.ru-northwest-2.myhuaweicloud.com.,rrset/name/*.iot-acc.ru-northwest-2.myhuaweicloud.com./A,rrset/name/*.iot-acc.ru-northwest-2.myhuaweicloud.com./AAAA,'Huawei Technologies',,,,rrset/name/*.iot-acc.ru-northwest-2.myhuaweicloud.com./CNAME,
iot-acc.ru-northwest-1.myhuaweicloud.com.,rrset/name/*.iot-acc.ru-northwest-1.myhuaweicloud.com./A,rrset/name/*.iot-acc.ru-northwest-1.myhuaweicloud.com./AAAA,'Huawei Technologies',,,,rrset/name/*.iot-acc.ru-northwest-1.myhuaweicloud.com./CNAME,
iot-acc.eu-west-0.myhuaweicloud.com.,rrset/name/*.iot-acc.eu-west-0.myhuaweicloud.com./A,rrset/name/*.iot-acc.eu-west-0.myhuaweicloud.com./AAAA,'Huawei Technologies',,,,rrset/name/*.iot-acc.eu-west-0.myhuaweicloud.com./CNAME,
iot-acc.la-south-1.myhuaweicloud.com.,rrset/name/*.iot-acc.la-south-1.myhuaweicloud.com./A,rrset/name/*.iot-acc.la-south-1.myhuaweicloud.com./AAAA,'Huawei Technologies',,,,rrset/name/*.iot-acc.la-south-1.myhuaweicloud.com./CNAME,
iot-api.af-south-1.myhuaweicloud.com.,rrset/name/*.iot-api.af-south-1.myhuaweicloud.com./A,rrset/name/*.iot-api.af-south-1.myhuaweicloud.com./AAAA,'Huawei Technologies',,,,rrset/name/*.iot-api.af-south-1.myhuaweicloud.com./CNAME,
iot-api.ap-southeast-2.myhuaweicloud.com.,rrset/name/*.iot-api.ap-southeast-2.myhuaweicloud.com./A,rrset/name/*.iot-api.ap-southeast-2.myhuaweicloud.com./AAAA,'Huawei Technologies',,,,rrset/name/*.iot-api.ap-southeast-2.myhuaweicloud.com./CNAME,
iot-api.ap-southeast-1.myhuaweicloud.com.,rrset/name/*.iot-api.ap-southeast-1.myhuaweicloud.com./A,rrset/name/*.iot-api.ap-southeast-1.myhuaweicloud.com./AAAA,'Huawei Technologies',,,,rrset/name/*.iot-api.ap-southeast-1.myhuaweicloud.com./CNAME,
iot-api.ap-southeast-3.myhuaweicloud.com.,rrset/name/*.iot-api.ap-southeast-3.myhuaweicloud.com./A,rrset/name/*.iot-api.ap-southeast-3.myhuaweicloud.com./AAAA,'Huawei Technologies',,,,rrset/name/*.iot-api.ap-southeast-3.myhuaweicloud.com./CNAME,
iot-api.cn-east-3.myhuaweicloud.com.,rrset/name/*.iot-api.cn-east-3.myhuaweicloud.com./A,rrset/name/*.iot-api.cn-east-3.myhuaweicloud.com./AAAA,'Huawei Technologies',,,,rrset/name/*.iot-api.cn-east-3.myhuaweicloud.com./CNAME,
iot-api.cn-east-2.myhuaweicloud.com.,rrset/name/*.iot-api.cn-east-2.myhuaweicloud.com./A,rrset/name/*.iot-api.cn-east-2.myhuaweicloud.com./AAAA,'Huawei Technologies',,,,rrset/name/*.iot-api.cn-east-2.myhuaweicloud.com./CNAME,
iot-api.cn-east-1.myhuaweicloud.com.,rrset/name/*.iot-api.cn-east-1.myhuaweicloud.com./A,rrset/name/*.iot-api.cn-east-1.myhuaweicloud.com./AAAA,'Huawei Technologies',,,,rrset/name/*.iot-api.cn-east-1.myhuaweicloud.com./CNAME,
iot-api.cn-north-1.myhuaweicloud.com.,rrset/name/*.iot-api.cn-north-1.myhuaweicloud.com./A,rrset/name/*.iot-api.cn-north-1.myhuaweicloud.com./AAAA,'Huawei Technologies',,,,rrset/name/*.iot-api.cn-north-1.myhuaweicloud.com./CNAME,
iot-api.cn-south-1.myhuaweicloud.com.,rrset/name/*.iot-api.cn-south-1.myhuaweicloud.com./A,rrset/name/*.iot-api.cn-south-1.myhuaweicloud.com./AAAA,'Huawei Technologies',,,,rrset/name/*.iot-api.cn-south-1.myhuaweicloud.com./CNAME,
iot-api.cn-south-2.myhuaweicloud.com.,rrset/name/*.iot-api.cn-south-2.myhuaweicloud.com./A,rrset/name/*.iot-api.cn-south-2.myhuaweicloud.com./AAAA,'Huawei Technologies',,,,rrset/name/*.iot-api.cn-south-2.myhuaweicloud.com./CNAME,
iot-api.sa-argentina-1.myhuaweicloud.com.,rrset/name/*.iot-api.sa-argentina-1.myhuaweicloud.com./A,rrset/name/*.iot-api.sa-argentina-1.myhuaweicloud.com./AAAA,'Huawei Technologies',,,,rrset/name/*.iot-api.sa-argentina-1.myhuaweicloud.com./CNAME,
iot-api.sa-peru-1.myhuaweicloud.com.,rrset/name/*.iot-api.sa-peru-1.myhuaweicloud.com./A,rrset/name/*.iot-api.sa-peru-1.myhuaweicloud.com./AAAA,'Huawei Technologies',,,,rrset/name/*.iot-api.sa-peru-1.myhuaweicloud.com./CNAME,
iot-api.la-south-2.myhuaweicloud.com.,rrset/name/*.iot-api.la-south-2.myhuaweicloud.com./A,rrset/name/*.iot-api.la-south-2.myhuaweicloud.com./AAAA,'Huawei Technologies',,,,rrset/name/*.iot-api.la-south-2.myhuaweicloud.com./CNAME,
iot-api.sa-chile-1.myhuaweicloud.com.,rrset/name/*.iot-api.sa-chile-1.myhuaweicloud.com./A,rrset/name/*.iot-api.sa-chile-1.myhuaweicloud.com./AAAA,'Huawei Technologies',,,,rrset/name/*.iot-api.sa-chile-1.myhuaweicloud.com./CNAME,
iot-api.na-mexico-1.myhuaweicloud.com.,rrset/name/*.iot-api.na-mexico-1.myhuaweicloud.com./A,rrset/name/*.iot-api.na-mexico-1.myhuaweicloud.com./AAAA,'Huawei Technologies',,,,rrset/name/*.iot-api.na-mexico-1.myhuaweicloud.com./CNAME,
iot-api.sa-brazil-1.myhuaweicloud.com.,rrset/name/*.iot-api.sa-brazil-1.myhuaweicloud.com./A,rrset/name/*.iot-api.sa-brazil-1.myhuaweicloud.com./AAAA,'Huawei Technologies',,,,rrset/name/*.iot-api.sa-brazil-1.myhuaweicloud.com./CNAME,
iot-api.cn-southwest-2.myhuaweicloud.com.,rrset/name/*.iot-api.cn-southwest-2.myhuaweicloud.com./A,rrset/name/*.iot-api.cn-southwest-2.myhuaweicloud.com./AAAA,'Huawei Technologies',,,,rrset/name/*.iot-api.cn-southwest-2.myhuaweicloud.com./CNAME,
iot-api.cn-southwest-1.myhuaweicloud.com.,rrset/name/*.iot-api.cn-southwest-1.myhuaweicloud.com./A,rrset/name/*.iot-api.cn-southwest-1.myhuaweicloud.com./AAAA,'Huawei Technologies',,,,rrset/name/*.iot-api.cn-southwest-1.myhuaweicloud.com./CNAME,
iot-api.cn-north-4.myhuaweicloud.com.,rrset/name/*.iot-api.cn-north-4.myhuaweicloud.com./A,rrset/name/*.iot-api.cn-north-4.myhuaweicloud.com./AAAA,'Huawei Technologies',,,,rrset/name/*.iot-api.cn-north-4.myhuaweicloud.com./CNAME,
iot-api.cn-north-2.myhuaweicloud.com.,rrset/name/*.iot-api.cn-north-2.myhuaweicloud.com./A,rrset/name/*.iot-api.cn-north-2.myhuaweicloud.com./AAAA,'Huawei Technologies',,,,rrset/name/*.iot-api.cn-north-2.myhuaweicloud.com./CNAME,
iot-api.cn-north-3.myhuaweicloud.com.,rrset/name/*.iot-api.cn-north-3.myhuaweicloud.com./A,rrset/name/*.iot-api.cn-north-3.myhuaweicloud.com./AAAA,'Huawei Technologies',,,,rrset/name/*.iot-api.cn-north-3.myhuaweicloud.com./CNAME,
iot-api.ru-northwest-2.myhuaweicloud.com.,rrset/name/*.iot-api.ru-northwest-2.myhuaweicloud.com./A,rrset/name/*.iot-api.ru-northwest-2.myhuaweicloud.com./AAAA,'Huawei Technologies',,,,rrset/name/*.iot-api.ru-northwest-2.myhuaweicloud.com./CNAME,
iot-api.ru-northwest-1.myhuaweicloud.com.,rrset/name/*.iot-api.ru-northwest-1.myhuaweicloud.com./A,rrset/name/*.iot-api.ru-northwest-1.myhuaweicloud.com./AAAA,'Huawei Technologies',,,,rrset/name/*.iot-api.ru-northwest-1.myhuaweicloud.com./CNAME,
iot-api.eu-west-0.myhuaweicloud.com.,rrset/name/*.iot-api.eu-west-0.myhuaweicloud.com./A,rrset/name/*.iot-api.eu-west-0.myhuaweicloud.com./AAAA,'Huawei Technologies',,,,rrset/name/*.iot-api.eu-west-0.myhuaweicloud.com./CNAME,
iot-api.la-south-1.myhuaweicloud.com.,rrset/name/*.iot-api.la-south-1.myhuaweicloud.com./A,rrset/name/*.iot-api.la-south-1.myhuaweicloud.com./AAAA,'Huawei Technologies',,,,rrset/name/*.iot-api.la-south-1.myhuaweicloud.com./CNAME,
iot-acc-dev.af-south-1.myhuaweicloud.com.,rrset/name/*.iot-acc-dev.af-south-1.myhuaweicloud.com./A,rrset/name/*.iot-acc-dev.af-south-1.myhuaweicloud.com./AAAA,'Huawei Technologies',,,,rrset/name/*.iot-acc-dev.af-south-1.myhuaweicloud.com./CNAME,
iot-acc-dev.ap-southeast-2.myhuaweicloud.com.,rrset/name/*.iot-acc-dev.ap-southeast-2.myhuaweicloud.com./A,rrset/name/*.iot-acc-dev.ap-southeast-2.myhuaweicloud.com./AAAA,'Huawei Technologies',,,,rrset/name/*.iot-acc-dev.ap-southeast-2.myhuaweicloud.com./CNAME,
iot-acc-dev.ap-southeast-1.myhuaweicloud.com.,rrset/name/*.iot-acc-dev.ap-southeast-1.myhuaweicloud.com./A,rrset/name/*.iot-acc-dev.ap-southeast-1.myhuaweicloud.com./AAAA,'Huawei Technologies',,,,rrset/name/*.iot-acc-dev.ap-southeast-1.myhuaweicloud.com./CNAME,
iot-acc-dev.ap-southeast-3.myhuaweicloud.com.,rrset/name/*.iot-acc-dev.ap-southeast-3.myhuaweicloud.com./A,rrset/name/*.iot-acc-dev.ap-southeast-3.myhuaweicloud.com./AAAA,'Huawei Technologies',,,,rrset/name/*.iot-acc-dev.ap-southeast-3.myhuaweicloud.com./CNAME,
iot-acc-dev.cn-east-3.myhuaweicloud.com.,rrset/name/*.iot-acc-dev.cn-east-3.myhuaweicloud.com./A,rrset/name/*.iot-acc-dev.cn-east-3.myhuaweicloud.com./AAAA,'Huawei Technologies',,,,rrset/name/*.iot-acc-dev.cn-east-3.myhuaweicloud.com./CNAME,
iot-acc-dev.cn-east-2.myhuaweicloud.com.,rrset/name/*.iot-acc-dev.cn-east-2.myhuaweicloud.com./A,rrset/name/*.iot-acc-dev.cn-east-2.myhuaweicloud.com./AAAA,'Huawei Technologies',,,,rrset/name/*.iot-acc-dev.cn-east-2.myhuaweicloud.com./CNAME,
iot-acc-dev.cn-east-1.myhuaweicloud.com.,rrset/name/*.iot-acc-dev.cn-east-1.myhuaweicloud.com./A,rrset/name/*.iot-acc-dev.cn-east-1.myhuaweicloud.com./AAAA,'Huawei Technologies',,,,rrset/name/*.iot-acc-dev.cn-east-1.myhuaweicloud.com./CNAME,
iot-acc-dev.cn-north-1.myhuaweicloud.com.,rrset/name/*.iot-acc-dev.cn-north-1.myhuaweicloud.com./A,rrset/name/*.iot-acc-dev.cn-north-1.myhuaweicloud.com./AAAA,'Huawei Technologies',,,,rrset/name/*.iot-acc-dev.cn-north-1.myhuaweicloud.com./CNAME,
iot-acc-dev.cn-south-1.myhuaweicloud.com.,rrset/name/*.iot-acc-dev.cn-south-1.myhuaweicloud.com./A,rrset/name/*.iot-acc-dev.cn-south-1.myhuaweicloud.com./AAAA,'Huawei Technologies',,,,rrset/name/*.iot-acc-dev.cn-south-1.myhuaweicloud.com./CNAME,
iot-acc-dev.cn-south-2.myhuaweicloud.com.,rrset/name/*.iot-acc-dev.cn-south-2.myhuaweicloud.com./A,rrset/name/*.iot-acc-dev.cn-south-2.myhuaweicloud.com./AAAA,'Huawei Technologies',,,,rrset/name/*.iot-acc-dev.cn-south-2.myhuaweicloud.com./CNAME,
iot-acc-dev.sa-argentina-1.myhuaweicloud.com.,rrset/name/*.iot-acc-dev.sa-argentina-1.myhuaweicloud.com./A,rrset/name/*.iot-acc-dev.sa-argentina-1.myhuaweicloud.com./AAAA,'Huawei Technologies',,,,rrset/name/*.iot-acc-dev.sa-argentina-1.myhuaweicloud.com./CNAME,
iot-acc-dev.sa-peru-1.myhuaweicloud.com.,rrset/name/*.iot-acc-dev.sa-peru-1.myhuaweicloud.com./A,rrset/name/*.iot-acc-dev.sa-peru-1.myhuaweicloud.com./AAAA,'Huawei Technologies',,,,rrset/name/*.iot-acc-dev.sa-peru-1.myhuaweicloud.com./CNAME,
iot-acc-dev.la-south-2.myhuaweicloud.com.,rrset/name/*.iot-acc-dev.la-south-2.myhuaweicloud.com./A,rrset/name/*.iot-acc-dev.la-south-2.myhuaweicloud.com./AAAA,'Huawei Technologies',,,,rrset/name/*.iot-acc-dev.la-south-2.myhuaweicloud.com./CNAME,
iot-acc-dev.sa-chile-1.myhuaweicloud.com.,rrset/name/*.iot-acc-dev.sa-chile-1.myhuaweicloud.com./A,rrset/name/*.iot-acc-dev.sa-chile-1.myhuaweicloud.com./AAAA,'Huawei Technologies',,,,rrset/name/*.iot-acc-dev.sa-chile-1.myhuaweicloud.com./CNAME,
iot-acc-dev.na-mexico-1.myhuaweicloud.com.,rrset/name/*.iot-acc-dev.na-mexico-1.myhuaweicloud.com./A,rrset/name/*.iot-acc-dev.na-mexico-1.myhuaweicloud.com./AAAA,'Huawei Technologies',,,,rrset/name/*.iot-acc-dev.na-mexico-1.myhuaweicloud.com./CNAME,
iot-acc-dev.sa-brazil-1.myhuaweicloud.com.,rrset/name/*.iot-acc-dev.sa-brazil-1.myhuaweicloud.com./A,rrset/name/*.iot-acc-dev.sa-brazil-1.myhuaweicloud.com./AAAA,'Huawei Technologies',,,,rrset/name/*.iot-acc-dev.sa-brazil-1.myhuaweicloud.com./CNAME,
iot-acc-dev.cn-southwest-2.myhuaweicloud.com.,rrset/name/*.iot-acc-dev.cn-southwest-2.myhuaweicloud.com./A,rrset/name/*.iot-acc-dev.cn-southwest-2.myhuaweicloud.com./AAAA,'Huawei Technologies',,,,rrset/name/*.iot-acc-dev.cn-southwest-2.myhuaweicloud.com./CNAME,
iot-acc-dev.cn-southwest-1.myhuaweicloud.com.,rrset/name/*.iot-acc-dev.cn-southwest-1.myhuaweicloud.com./A,rrset/name/*.iot-acc-dev.cn-southwest-1.myhuaweicloud.com./AAAA,'Huawei Technologies',,,,rrset/name/*.iot-acc-dev.cn-southwest-1.myhuaweicloud.com./CNAME,
iot-acc-dev.cn-north-4.myhuaweicloud.com.,rrset/name/*.iot-acc-dev.cn-north-4.myhuaweicloud.com./A,rrset/name/*.iot-acc-dev.cn-north-4.myhuaweicloud.com./AAAA,'Huawei Technologies',,,,rrset/name/*.iot-acc-dev.cn-north-4.myhuaweicloud.com./CNAME,
iot-acc-dev.cn-north-2.myhuaweicloud.com.,rrset/name/*.iot-acc-dev.cn-north-2.myhuaweicloud.com./A,rrset/name/*.iot-acc-dev.cn-north-2.myhuaweicloud.com./AAAA,'Huawei Technologies',,,,rrset/name/*.iot-acc-dev.cn-north-2.myhuaweicloud.com./CNAME,
iot-acc-dev.cn-north-3.myhuaweicloud.com.,rrset/name/*.iot-acc-dev.cn-north-3.myhuaweicloud.com./A,rrset/name/*.iot-acc-dev.cn-north-3.myhuaweicloud.com./AAAA,'Huawei Technologies',,,,rrset/name/*.iot-acc-dev.cn-north-3.myhuaweicloud.com./CNAME,
iot-acc-dev.ru-northwest-2.myhuaweicloud.com.,rrset/name/*.iot-acc-dev.ru-northwest-2.myhuaweicloud.com./A,rrset/name/*.iot-acc-dev.ru-northwest-2.myhuaweicloud.com./AAAA,'Huawei Technologies',,,,rrset/name/*.iot-acc-dev.ru-northwest-2.myhuaweicloud.com./CNAME,
iot-acc-dev.ru-northwest-1.myhuaweicloud.com.,rrset/name/*.iot-acc-dev.ru-northwest-1.myhuaweicloud.com./A,rrset/name/*.iot-acc-dev.ru-northwest-1.myhuaweicloud.com./AAAA,'Huawei Technologies',,,,rrset/name/*.iot-acc-dev.ru-northwest-1.myhuaweicloud.com./CNAME,
iot-acc-dev.eu-west-0.myhuaweicloud.com.,rrset/name/*.iot-acc-dev.eu-west-0.myhuaweicloud.com./A,rrset/name/*.iot-acc-dev.eu-west-0.myhuaweicloud.com./AAAA,'Huawei Technologies',,,,rrset/name/*.iot-acc-dev.eu-west-0.myhuaweicloud.com./CNAME,
iot-acc-dev.la-south-1.myhuaweicloud.com.,rrset/name/*.iot-acc-dev.la-south-1.myhuaweicloud.com./A,rrset/name/*.iot-acc-dev.la-south-1.myhuaweicloud.com./AAAA,'Huawei Technologies',,,,rrset/name/*.iot-acc-dev.la-south-1.myhuaweicloud.com./CNAME,
iot-coaps-dev.af-south-1.myhuaweicloud.com.,rrset/name/*.iot-coaps-dev.af-south-1.myhuaweicloud.com./A,rrset/name/*.iot-coaps-dev.af-south-1.myhuaweicloud.com./AAAA,'Huawei Technologies',,,,rrset/name/*.iot-coaps-dev.af-south-1.myhuaweicloud.com./CNAME,
iot-coaps-dev.ap-southeast-2.myhuaweicloud.com.,rrset/name/*.iot-coaps-dev.ap-southeast-2.myhuaweicloud.com./A,rrset/name/*.iot-coaps-dev.ap-southeast-2.myhuaweicloud.com./AAAA,'Huawei Technologies',,,,rrset/name/*.iot-coaps-dev.ap-southeast-2.myhuaweicloud.com./CNAME,
iot-coaps-dev.ap-southeast-1.myhuaweicloud.com.,rrset/name/*.iot-coaps-dev.ap-southeast-1.myhuaweicloud.com./A,rrset/name/*.iot-coaps-dev.ap-southeast-1.myhuaweicloud.com./AAAA,'Huawei Technologies',,,,rrset/name/*.iot-coaps-dev.ap-southeast-1.myhuaweicloud.com./CNAME,
iot-coaps-dev.ap-southeast-3.myhuaweicloud.com.,rrset/name/*.iot-coaps-dev.ap-southeast-3.myhuaweicloud.com./A,rrset/name/*.iot-coaps-dev.ap-southeast-3.myhuaweicloud.com./AAAA,'Huawei Technologies',,,,rrset/name/*.iot-coaps-dev.ap-southeast-3.myhuaweicloud.com./CNAME,
iot-coaps-dev.cn-east-3.myhuaweicloud.com.,rrset/name/*.iot-coaps-dev.cn-east-3.myhuaweicloud.com./A,rrset/name/*.iot-coaps-dev.cn-east-3.myhuaweicloud.com./AAAA,'Huawei Technologies',,,,rrset/name/*.iot-coaps-dev.cn-east-3.myhuaweicloud.com./CNAME,
iot-coaps-dev.cn-east-2.myhuaweicloud.com.,rrset/name/*.iot-coaps-dev.cn-east-2.myhuaweicloud.com./A,rrset/name/*.iot-coaps-dev.cn-east-2.myhuaweicloud.com./AAAA,'Huawei Technologies',,,,rrset/name/*.iot-coaps-dev.cn-east-2.myhuaweicloud.com./CNAME,
iot-coaps-dev.cn-east-1.myhuaweicloud.com.,rrset/name/*.iot-coaps-dev.cn-east-1.myhuaweicloud.com./A,rrset/name/*.iot-coaps-dev.cn-east-1.myhuaweicloud.com./AAAA,'Huawei Technologies',,,,rrset/name/*.iot-coaps-dev.cn-east-1.myhuaweicloud.com./CNAME,
iot-coaps-dev.cn-north-1.myhuaweicloud.com.,rrset/name/*.iot-coaps-dev.cn-north-1.myhuaweicloud.com./A,rrset/name/*.iot-coaps-dev.cn-north-1.myhuaweicloud.com./AAAA,'Huawei Technologies',,,,rrset/name/*.iot-coaps-dev.cn-north-1.myhuaweicloud.com./CNAME,
iot-coaps-dev.cn-south-1.myhuaweicloud.com.,rrset/name/*.iot-coaps-dev.cn-south-1.myhuaweicloud.com./A,rrset/name/*.iot-coaps-dev.cn-south-1.myhuaweicloud.com./AAAA,'Huawei Technologies',,,,rrset/name/*.iot-coaps-dev.cn-south-1.myhuaweicloud.com./CNAME,
iot-coaps-dev.cn-south-2.myhuaweicloud.com.,rrset/name/*.iot-coaps-dev.cn-south-2.myhuaweicloud.com./A,rrset/name/*.iot-coaps-dev.cn-south-2.myhuaweicloud.com./AAAA,'Huawei Technologies',,,,rrset/name/*.iot-coaps-dev.cn-south-2.myhuaweicloud.com./CNAME,
iot-coaps-dev.sa-argentina-1.myhuaweicloud.com.,rrset/name/*.iot-coaps-dev.sa-argentina-1.myhuaweicloud.com./A,rrset/name/*.iot-coaps-dev.sa-argentina-1.myhuaweicloud.com./AAAA,'Huawei Technologies',,,,rrset/name/*.iot-coaps-dev.sa-argentina-1.myhuaweicloud.com./CNAME,
iot-coaps-dev.sa-peru-1.myhuaweicloud.com.,rrset/name/*.iot-coaps-dev.sa-peru-1.myhuaweicloud.com./A,rrset/name/*.iot-coaps-dev.sa-peru-1.myhuaweicloud.com./AAAA,'Huawei Technologies',,,,rrset/name/*.iot-coaps-dev.sa-peru-1.myhuaweicloud.com./CNAME,
iot-coaps-dev.la-south-2.myhuaweicloud.com.,rrset/name/*.iot-coaps-dev.la-south-2.myhuaweicloud.com./A,rrset/name/*.iot-coaps-dev.la-south-2.myhuaweicloud.com./AAAA,'Huawei Technologies',,,,rrset/name/*.iot-coaps-dev.la-south-2.myhuaweicloud.com./CNAME,
iot-coaps-dev.sa-chile-1.myhuaweicloud.com.,rrset/name/*.iot-coaps-dev.sa-chile-1.myhuaweicloud.com./A,rrset/name/*.iot-coaps-dev.sa-chile-1.myhuaweicloud.com./AAAA,'Huawei Technologies',,,,rrset/name/*.iot-coaps-dev.sa-chile-1.myhuaweicloud.com./CNAME,
iot-coaps-dev.na-mexico-1.myhuaweicloud.com.,rrset/name/*.iot-coaps-dev.na-mexico-1.myhuaweicloud.com./A,rrset/name/*.iot-coaps-dev.na-mexico-1.myhuaweicloud.com./AAAA,'Huawei Technologies',,,,rrset/name/*.iot-coaps-dev.na-mexico-1.myhuaweicloud.com./CNAME,
iot-coaps-dev.sa-brazil-1.myhuaweicloud.com.,rrset/name/*.iot-coaps-dev.sa-brazil-1.myhuaweicloud.com./A,rrset/name/*.iot-coaps-dev.sa-brazil-1.myhuaweicloud.com./AAAA,'Huawei Technologies',,,,rrset/name/*.iot-coaps-dev.sa-brazil-1.myhuaweicloud.com./CNAME,
iot-coaps-dev.cn-southwest-2.myhuaweicloud.com.,rrset/name/*.iot-coaps-dev.cn-southwest-2.myhuaweicloud.com./A,rrset/name/*.iot-coaps-dev.cn-southwest-2.myhuaweicloud.com./AAAA,'Huawei Technologies',,,,rrset/name/*.iot-coaps-dev.cn-southwest-2.myhuaweicloud.com./CNAME,
iot-coaps-dev.cn-southwest-1.myhuaweicloud.com.,rrset/name/*.iot-coaps-dev.cn-southwest-1.myhuaweicloud.com./A,rrset/name/*.iot-coaps-dev.cn-southwest-1.myhuaweicloud.com./AAAA,'Huawei Technologies',,,,rrset/name/*.iot-coaps-dev.cn-southwest-1.myhuaweicloud.com./CNAME,
iot-coaps-dev.cn-north-4.myhuaweicloud.com.,rrset/name/*.iot-coaps-dev.cn-north-4.myhuaweicloud.com./A,rrset/name/*.iot-coaps-dev.cn-north-4.myhuaweicloud.com./AAAA,'Huawei Technologies',,,,rrset/name/*.iot-coaps-dev.cn-north-4.myhuaweicloud.com./CNAME,
iot-coaps-dev.cn-north-2.myhuaweicloud.com.,rrset/name/*.iot-coaps-dev.cn-north-2.myhuaweicloud.com./A,rrset/name/*.iot-coaps-dev.cn-north-2.myhuaweicloud.com./AAAA,'Huawei Technologies',,,,rrset/name/*.iot-coaps-dev.cn-north-2.myhuaweicloud.com./CNAME,
iot-coaps-dev.cn-north-3.myhuaweicloud.com.,rrset/name/*.iot-coaps-dev.cn-north-3.myhuaweicloud.com./A,rrset/name/*.iot-coaps-dev.cn-north-3.myhuaweicloud.com./AAAA,'Huawei Technologies',,,,rrset/name/*.iot-coaps-dev.cn-north-3.myhuaweicloud.com./CNAME,
iot-coaps-dev.ru-northwest-2.myhuaweicloud.com.,rrset/name/*.iot-coaps-dev.ru-northwest-2.myhuaweicloud.com./A,rrset/name/*.iot-coaps-dev.ru-northwest-2.myhuaweicloud.com./AAAA,'Huawei Technologies',,,,rrset/name/*.iot-coaps-dev.ru-northwest-2.myhuaweicloud.com./CNAME,
iot-coaps-dev.ru-northwest-1.myhuaweicloud.com.,rrset/name/*.iot-coaps-dev.ru-northwest-1.myhuaweicloud.com./A,rrset/name/*.iot-coaps-dev.ru-northwest-1.myhuaweicloud.com./AAAA,'Huawei Technologies',,,,rrset/name/*.iot-coaps-dev.ru-northwest-1.myhuaweicloud.com./CNAME,
iot-coaps-dev.eu-west-0.myhuaweicloud.com.,rrset/name/*.iot-coaps-dev.eu-west-0.myhuaweicloud.com./A,rrset/name/*.iot-coaps-dev.eu-west-0.myhuaweicloud.com./AAAA,'Huawei Technologies',,,,rrset/name/*.iot-coaps-dev.eu-west-0.myhuaweicloud.com./CNAME,
iot-coaps-dev.la-south-1.myhuaweicloud.com.,rrset/name/*.iot-coaps-dev.la-south-1.myhuaweicloud.com./A,rrset/name/*.iot-coaps-dev.la-south-1.myhuaweicloud.com./AAAA,'Huawei Technologies',,,,rrset/name/*.iot-coaps-dev.la-south-1.myhuaweicloud.com./CNAME,
iot-api-dev.af-south-1.myhuaweicloud.com.,rrset/name/*.iot-api-dev.af-south-1.myhuaweicloud.com./A,rrset/name/*.iot-api-dev.af-south-1.myhuaweicloud.com./AAAA,'Huawei Technologies',,,,rrset/name/*.iot-api-dev.af-south-1.myhuaweicloud.com./CNAME,
iot-api-dev.ap-southeast-2.myhuaweicloud.com.,rrset/name/*.iot-api-dev.ap-southeast-2.myhuaweicloud.com./A,rrset/name/*.iot-api-dev.ap-southeast-2.myhuaweicloud.com./AAAA,'Huawei Technologies',,,,rrset/name/*.iot-api-dev.ap-southeast-2.myhuaweicloud.com./CNAME,
iot-api-dev.ap-southeast-1.myhuaweicloud.com.,rrset/name/*.iot-api-dev.ap-southeast-1.myhuaweicloud.com./A,rrset/name/*.iot-api-dev.ap-southeast-1.myhuaweicloud.com./AAAA,'Huawei Technologies',,,,rrset/name/*.iot-api-dev.ap-southeast-1.myhuaweicloud.com./CNAME,
iot-api-dev.ap-southeast-3.myhuaweicloud.com.,rrset/name/*.iot-api-dev.ap-southeast-3.myhuaweicloud.com./A,rrset/name/*.iot-api-dev.ap-southeast-3.myhuaweicloud.com./AAAA,'Huawei Technologies',,,,rrset/name/*.iot-api-dev.ap-southeast-3.myhuaweicloud.com./CNAME,
iot-api-dev.cn-east-3.myhuaweicloud.com.,rrset/name/*.iot-api-dev.cn-east-3.myhuaweicloud.com./A,rrset/name/*.iot-api-dev.cn-east-3.myhuaweicloud.com./AAAA,'Huawei Technologies',,,,rrset/name/*.iot-api-dev.cn-east-3.myhuaweicloud.com./CNAME,
iot-api-dev.cn-east-2.myhuaweicloud.com.,rrset/name/*.iot-api-dev.cn-east-2.myhuaweicloud.com./A,rrset/name/*.iot-api-dev.cn-east-2.myhuaweicloud.com./AAAA,'Huawei Technologies',,,,rrset/name/*.iot-api-dev.cn-east-2.myhuaweicloud.com./CNAME,
iot-api-dev.cn-east-1.myhuaweicloud.com.,rrset/name/*.iot-api-dev.cn-east-1.myhuaweicloud.com./A,rrset/name/*.iot-api-dev.cn-east-1.myhuaweicloud.com./AAAA,'Huawei Technologies',,,,rrset/name/*.iot-api-dev.cn-east-1.myhuaweicloud.com./CNAME,
iot-api-dev.cn-north-1.myhuaweicloud.com.,rrset/name/*.iot-api-dev.cn-north-1.myhuaweicloud.com./A,rrset/name/*.iot-api-dev.cn-north-1.myhuaweicloud.com./AAAA,'Huawei Technologies',,,,rrset/name/*.iot-api-dev.cn-north-1.myhuaweicloud.com./CNAME,
iot-api-dev.cn-south-1.myhuaweicloud.com.,rrset/name/*.iot-api-dev.cn-south-1.myhuaweicloud.com./A,rrset/name/*.iot-api-dev.cn-south-1.myhuaweicloud.com./AAAA,'Huawei Technologies',,,,rrset/name/*.iot-api-dev.cn-south-1.myhuaweicloud.com./CNAME,
iot-api-dev.cn-south-2.myhuaweicloud.com.,rrset/name/*.iot-api-dev.cn-south-2.myhuaweicloud.com./A,rrset/name/*.iot-api-dev.cn-south-2.myhuaweicloud.com./AAAA,'Huawei Technologies',,,,rrset/name/*.iot-api-dev.cn-south-2.myhuaweicloud.com./CNAME,
iot-api-dev.sa-argentina-1.myhuaweicloud.com.,rrset/name/*.iot-api-dev.sa-argentina-1.myhuaweicloud.com./A,rrset/name/*.iot-api-dev.sa-argentina-1.myhuaweicloud.com./AAAA,'Huawei Technologies',,,,rrset/name/*.iot-api-dev.sa-argentina-1.myhuaweicloud.com./CNAME,
iot-api-dev.sa-peru-1.myhuaweicloud.com.,rrset/name/*.iot-api-dev.sa-peru-1.myhuaweicloud.com./A,rrset/name/*.iot-api-dev.sa-peru-1.myhuaweicloud.com./AAAA,'Huawei Technologies',,,,rrset/name/*.iot-api-dev.sa-peru-1.myhuaweicloud.com./CNAME,
iot-api-dev.la-south-2.myhuaweicloud.com.,rrset/name/*.iot-api-dev.la-south-2.myhuaweicloud.com./A,rrset/name/*.iot-api-dev.la-south-2.myhuaweicloud.com./AAAA,'Huawei Technologies',,,,rrset/name/*.iot-api-dev.la-south-2.myhuaweicloud.com./CNAME,
iot-api-dev.sa-chile-1.myhuaweicloud.com.,rrset/name/*.iot-api-dev.sa-chile-1.myhuaweicloud.com./A,rrset/name/*.iot-api-dev.sa-chile-1.myhuaweicloud.com./AAAA,'Huawei Technologies',,,,rrset/name/*.iot-api-dev.sa-chile-1.myhuaweicloud.com./CNAME,
iot-api-dev.na-mexico-1.myhuaweicloud.com.,rrset/name/*.iot-api-dev.na-mexico-1.myhuaweicloud.com./A,rrset/name/*.iot-api-dev.na-mexico-1.myhuaweicloud.com./AAAA,'Huawei Technologies',,,,rrset/name/*.iot-api-dev.na-mexico-1.myhuaweicloud.com./CNAME,
iot-api-dev.sa-brazil-1.myhuaweicloud.com.,rrset/name/*.iot-api-dev.sa-brazil-1.myhuaweicloud.com./A,rrset/name/*.iot-api-dev.sa-brazil-1.myhuaweicloud.com./AAAA,'Huawei Technologies',,,,rrset/name/*.iot-api-dev.sa-brazil-1.myhuaweicloud.com./CNAME,
iot-api-dev.cn-southwest-2.myhuaweicloud.com.,rrset/name/*.iot-api-dev.cn-southwest-2.myhuaweicloud.com./A,rrset/name/*.iot-api-dev.cn-southwest-2.myhuaweicloud.com./AAAA,'Huawei Technologies',,,,rrset/name/*.iot-api-dev.cn-southwest-2.myhuaweicloud.com./CNAME,
iot-api-dev.cn-southwest-1.myhuaweicloud.com.,rrset/name/*.iot-api-dev.cn-southwest-1.myhuaweicloud.com./A,rrset/name/*.iot-api-dev.cn-southwest-1.myhuaweicloud.com./AAAA,'Huawei Technologies',,,,rrset/name/*.iot-api-dev.cn-southwest-1.myhuaweicloud.com./CNAME,
iot-api-dev.cn-north-4.myhuaweicloud.com.,rrset/name/*.iot-api-dev.cn-north-4.myhuaweicloud.com./A,rrset/name/*.iot-api-dev.cn-north-4.myhuaweicloud.com./AAAA,'Huawei Technologies',,,,rrset/name/*.iot-api-dev.cn-north-4.myhuaweicloud.com./CNAME,
iot-api-dev.cn-north-2.myhuaweicloud.com.,rrset/name/*.iot-api-dev.cn-north-2.myhuaweicloud.com./A,rrset/name/*.iot-api-dev.cn-north-2.myhuaweicloud.com./AAAA,'Huawei Technologies',,,,rrset/name/*.iot-api-dev.cn-north-2.myhuaweicloud.com./CNAME,
iot-api-dev.cn-north-3.myhuaweicloud.com.,rrset/name/*.iot-api-dev.cn-north-3.myhuaweicloud.com./A,rrset/name/*.iot-api-dev.cn-north-3.myhuaweicloud.com./AAAA,'Huawei Technologies',,,,rrset/name/*.iot-api-dev.cn-north-3.myhuaweicloud.com./CNAME,
iot-api-dev.ru-northwest-2.myhuaweicloud.com.,rrset/name/*.iot-api-dev.ru-northwest-2.myhuaweicloud.com./A,rrset/name/*.iot-api-dev.ru-northwest-2.myhuaweicloud.com./AAAA,'Huawei Technologies',,,,rrset/name/*.iot-api-dev.ru-northwest-2.myhuaweicloud.com./CNAME,
iot-api-dev.ru-northwest-1.myhuaweicloud.com.,rrset/name/*.iot-api-dev.ru-northwest-1.myhuaweicloud.com./A,rrset/name/*.iot-api-dev.ru-northwest-1.myhuaweicloud.com./AAAA,'Huawei Technologies',,,,rrset/name/*.iot-api-dev.ru-northwest-1.myhuaweicloud.com./CNAME,
iot-api-dev.eu-west-0.myhuaweicloud.com.,rrset/name/*.iot-api-dev.eu-west-0.myhuaweicloud.com./A,rrset/name/*.iot-api-dev.eu-west-0.myhuaweicloud.com./AAAA,'Huawei Technologies',,,,rrset/name/*.iot-api-dev.eu-west-0.myhuaweicloud.com./CNAME,
iot-api-dev.la-south-1.myhuaweicloud.com.,rrset/name/*.iot-api-dev.la-south-1.myhuaweicloud.com./A,rrset/name/*.iot-api-dev.la-south-1.myhuaweicloud.com./AAAA,'Huawei Technologies',,,,rrset/name/*.iot-api-dev.la-south-1.myhuaweicloud.com./CNAME,
iot-coaps.huaweicloud.com.,rrset/name/*.iot-coaps.huaweicloud.com./A,rrset/name/*.iot-coaps.huaweicloud.com./AAAA,'Huawei Technologies',,,,rrset/name/*.iot-coaps.huaweicloud.com./CNAME,
iot-api.huaweicloud.com.,rrset/name/*.iot-api.huaweicloud.com./A,rrset/name/*.iot-api.huaweicloud.com./AAAA,'Huawei Technologies',,,,rrset/name/*.iot-api.huaweicloud.com./CNAME,
iot-acc.huaweicloud.com.,rrset/name/*.iot-acc.huaweicloud.com./A,rrset/name/*.iot-acc.huaweicloud.com./AAAA,'Huawei Technologies',,,,rrset/name/*.iot-acc.huaweicloud.com./CNAME,
iot-coaps-dev.huaweicloud.com.,rrset/name/*.iot-coaps-dev.huaweicloud.com./A,rrset/name/*.iot-coaps-dev.huaweicloud.com./AAAA,'Huawei Technologies',,,,rrset/name/*.iot-coaps-dev.huaweicloud.com./CNAME,
iot-api-dev.huaweicloud.com.,rrset/name/*.iot-api-dev.huaweicloud.com./A,rrset/name/*.iot-api-dev.huaweicloud.com./AAAA,'Huawei Technologies',,,,rrset/name/*.iot-api-dev.huaweicloud.com./CNAME,
iot-acc-dev.huaweicloud.com.,rrset/name/*.iot-acc-dev.huaweicloud.com./A,rrset/name/*.iot-acc-dev.huaweicloud.com./AAAA,'Huawei Technologies',,,,rrset/name/*.iot-acc-dev.huaweicloud.com./CNAME,
iot.us-east-2.amazonaws.com.,rrset/name/*.iot.us-east-2.amazonaws.com./A,rrset/name/*.iot.us-east-2.amazonaws.com./AAAA,'Amazon AWS',,,,rrset/name/*.iot.us-east-2.amazonaws.com./CNAME,
iot.us-east-1.amazonaws.com.,rrset/name/*.iot.us-east-1.amazonaws.com./A,rrset/name/*.iot.us-east-1.amazonaws.com./AAAA,'Amazon AWS',,,,rrset/name/*.iot.us-east-1.amazonaws.com./CNAME,
iot.us-west-1.amazonaws.com.,rrset/name/*.iot.us-west-1.amazonaws.com./A,rrset/name/*.iot.us-west-1.amazonaws.com./AAAA,'Amazon AWS',,,,rrset/name/*.iot.us-west-1.amazonaws.com./CNAME,
iot.us-west-2.amazonaws.com.,rrset/name/*.iot.us-west-2.amazonaws.com./A,rrset/name/*.iot.us-west-2.amazonaws.com./AAAA,'Amazon AWS',,,,rrset/name/*.iot.us-west-2.amazonaws.com./CNAME,
iot.af-south-1.amazonaws.com.,rrset/name/*.iot.af-south-1.amazonaws.com./A,rrset/name/*.iot.af-south-1.amazonaws.com./AAAA,'Amazon AWS',,,,rrset/name/*.iot.af-south-1.amazonaws.com./CNAME,
iot.ap-east-1.amazonaws.com.,rrset/name/*.iot.ap-east-1.amazonaws.com./A,rrset/name/*.iot.ap-east-1.amazonaws.com./AAAA,'Amazon AWS',,,,rrset/name/*.iot.ap-east-1.amazonaws.com./CNAME,
iot.ap-south-1.amazonaws.com.,rrset/name/*.iot.ap-south-1.amazonaws.com./A,rrset/name/*.iot.ap-south-1.amazonaws.com./AAAA,'Amazon AWS',,,,rrset/name/*.iot.ap-south-1.amazonaws.com./CNAME,
iot.ap-northeast-3.amazonaws.com.,rrset/name/*.iot.ap-northeast-3.amazonaws.com./A,rrset/name/*.iot.ap-northeast-3.amazonaws.com./AAAA,'Amazon AWS',,,,rrset/name/*.iot.ap-northeast-3.amazonaws.com./CNAME,
iot.ap-northeast-2.amazonaws.com.,rrset/name/*.iot.ap-northeast-2.amazonaws.com./A,rrset/name/*.iot.ap-northeast-2.amazonaws.com./AAAA,'Amazon AWS',,,,rrset/name/*.iot.ap-northeast-2.amazonaws.com./CNAME,
iot.ap-southeast-1.amazonaws.com.,rrset/name/*.iot.ap-southeast-1.amazonaws.com./A,rrset/name/*.iot.ap-southeast-1.amazonaws.com./AAAA,'Amazon AWS',,,,rrset/name/*.iot.ap-southeast-1.amazonaws.com./CNAME,
iot.ap-southeast-2.amazonaws.com.,rrset/name/*.iot.ap-southeast-2.amazonaws.com./A,rrset/name/*.iot.ap-southeast-2.amazonaws.com./AAAA,'Amazon AWS',,,,rrset/name/*.iot.ap-southeast-2.amazonaws.com./CNAME,
iot.ap-northeast-1.amazonaws.com.,rrset/name/*.iot.ap-northeast-1.amazonaws.com./A,rrset/name/*.iot.ap-northeast-1.amazonaws.com./AAAA,'Amazon AWS',,,,rrset/name/*.iot.ap-northeast-1.amazonaws.com./CNAME,
iot.ca-central-1.amazonaws.com.,rrset/name/*.iot.ca-central-1.amazonaws.com./A,rrset/name/*.iot.ca-central-1.amazonaws.com./AAAA,'Amazon AWS',,,,rrset/name/*.iot.ca-central-1.amazonaws.com./CNAME,
iot.cn-north-1.amazonaws.com.,rrset/name/*.iot.cn-north-1.amazonaws.com./A,rrset/name/*.iot.cn-north-1.amazonaws.com./AAAA,'Amazon AWS',,,,rrset/name/*.iot.cn-north-1.amazonaws.com./CNAME,
iot.cn-northwest-1.amazonaws.com.,rrset/name/*.iot.cn-northwest-1.amazonaws.com./A,rrset/name/*.iot.cn-northwest-1.amazonaws.com./AAAA,'Amazon AWS',,,,rrset/name/*.iot.cn-northwest-1.amazonaws.com./CNAME,
iot.eu-central-1.amazonaws.com.,rrset/name/*.iot.eu-central-1.amazonaws.com./A,rrset/name/*.iot.eu-central-1.amazonaws.com./AAAA,'Amazon AWS',,,,rrset/name/*.iot.eu-central-1.amazonaws.com./CNAME,
iot.eu-west-1.amazonaws.com.,rrset/name/*.iot.eu-west-1.amazonaws.com./A,rrset/name/*.iot.eu-west-1.amazonaws.com./AAAA,'Amazon AWS',,,,rrset/name/*.iot.eu-west-1.amazonaws.com./CNAME,
iot.eu-west-2.amazonaws.com.,rrset/name/*.iot.eu-west-2.amazonaws.com./A,rrset/name/*.iot.eu-west-2.amazonaws.com./AAAA,'Amazon AWS',,,,rrset/name/*.iot.eu-west-2.amazonaws.com./CNAME,
iot.eu-south-1.amazonaws.com.,rrset/name/*.iot.eu-south-1.amazonaws.com./A,rrset/name/*.iot.eu-south-1.amazonaws.com./AAAA,'Amazon AWS',,,,rrset/name/*.iot.eu-south-1.amazonaws.com./CNAME,
iot.eu-west-3.amazonaws.com.,rrset/name/*.iot.eu-west-3.amazonaws.com./A,rrset/name/*.iot.eu-west-3.amazonaws.com./AAAA,'Amazon AWS',,,,rrset/name/*.iot.eu-west-3.amazonaws.com./CNAME,
iot.eu-north-1.amazonaws.com.,rrset/name/*.iot.eu-north-1.amazonaws.com./A,rrset/name/*.iot.eu-north-1.amazonaws.com./AAAA,'Amazon AWS',,,,rrset/name/*.iot.eu-north-1.amazonaws.com./CNAME,
iot.me-south-1.amazonaws.com.,rrset/name/*.iot.me-south-1.amazonaws.com./A,rrset/name/*.iot.me-south-1.amazonaws.com./AAAA,'Amazon AWS',,,,rrset/name/*.iot.me-south-1.amazonaws.com./CNAME,
iot.sa-east-1.amazonaws.com.,rrset/name/*.iot.sa-east-1.amazonaws.com./A,rrset/name/*.iot.sa-east-1.amazonaws.com./AAAA,'Amazon AWS',,,,rrset/name/*.iot.sa-east-1.amazonaws.com./CNAME,
iot.us-gov-east-1.amazonaws.com.,rrset/name/*.iot.us-gov-east-1.amazonaws.com./A,rrset/name/*.iot.us-gov-east-1.amazonaws.com./AAAA,'Amazon AWS',,,,rrset/name/*.iot.us-gov-east-1.amazonaws.com./CNAME,
iot.us-gov-west-1.amazonaws.com.,rrset/name/*.iot.us-gov-west-1.amazonaws.com./A,rrset/name/*.iot.us-gov-west-1.amazonaws.com./AAAA,'Amazon AWS',,,,rrset/name/*.iot.us-gov-west-1.amazonaws.com./CNAME,
lorawan.us-east-1.amazonaws.com.,rrset/name/*.lorawan.us-east-1.amazonaws.com./A,rrset/name/*.lorawan.us-east-1.amazonaws.com./AAAA,'Amazon AWS',,,,rrset/name/*.lorawan.us-east-1.amazonaws.com./CNAME,
lorawan.us-west-2.amazonaws.com.,rrset/name/*.lorawan.us-west-2.amazonaws.com./A,rrset/name/*.lorawan.us-west-2.amazonaws.com./AAAA,'Amazon AWS',,,,rrset/name/*.lorawan.us-west-2.amazonaws.com./CNAME,
lorawan.us-west-1.amazonaws.com.,rrset/name/*.lorawan.us-west-1.amazonaws.com./A,rrset/name/*.lorawan.us-west-1.amazonaws.com./AAAA,'Amazon AWS',,,,rrset/name/*.lorawan.us-west-1.amazonaws.com./CNAME,
lorawan.ap-northeast-1.amazonaws.com.,rrset/name/*.lorawan.ap-northeast-1.amazonaws.com./A,rrset/name/*.lorawan.ap-northeast-1.amazonaws.com./AAAA,'Amazon AWS',,,,rrset/name/*.lorawan.ap-northeast-1.amazonaws.com./CNAME,
lorawan.ap-northeast-2.amazonaws.com.,rrset/name/*.lorawan.ap-northeast-2.amazonaws.com./A,rrset/name/*.lorawan.ap-northeast-2.amazonaws.com./AAAA,'Amazon AWS',,,,rrset/name/*.lorawan.ap-northeast-2.amazonaws.com./CNAME,
lorawan.ap-southeast-2.amazonaws.com.,rrset/name/*.lorawan.ap-southeast-2.amazonaws.com./A,rrset/name/*.lorawan.ap-southeast-2.amazonaws.com./AAAA,'Amazon AWS',,,,rrset/name/*.lorawan.ap-southeast-2.amazonaws.com./CNAME,
iot-amqp.cn-shanghai.aliyuncs.com.,rrset/name/*.iot-amqp.cn-shanghai.aliyuncs.com./A,rrset/name/*.iot-amqp.cn-shanghai.aliyuncs.com./AAAA,'Alibaba Cloud',,,,rrset/name/*.iot-amqp.cn-shanghai.aliyuncs.com./CNAME,
iot-amqp.cn-zhangjiakou.aliyuncs.com.,rrset/name/*.iot-amqp.cn-zhangjiakou.aliyuncs.com./A,rrset/name/*.iot-amqp.cn-zhangjiakou.aliyuncs.com./AAAA,'Alibaba Cloud',,,,rrset/name/*.iot-amqp.cn-zhangjiakou.aliyuncs.com./CNAME,
iot-amqp.cn-beijing.aliyuncs.com.,rrset/name/*.iot-amqp.cn-beijing.aliyuncs.com./A,rrset/name/*.iot-amqp.cn-beijing.aliyuncs.com./AAAA,'Alibaba Cloud',,,,rrset/name/*.iot-amqp.cn-beijing.aliyuncs.com./CNAME,
iot-amqp.cn-wulanchabu.aliyuncs.com.,rrset/name/*.iot-amqp.cn-wulanchabu.aliyuncs.com./A,rrset/name/*.iot-amqp.cn-wulanchabu.aliyuncs.com./AAAA,'Alibaba Cloud',,,,rrset/name/*.iot-amqp.cn-wulanchabu.aliyuncs.com./CNAME,
iot-amqp.cn-shenzhen.aliyuncs.com.,rrset/name/*.iot-amqp.cn-shenzhen.aliyuncs.com./A,rrset/name/*.iot-amqp.cn-shenzhen.aliyuncs.com./AAAA,'Alibaba Cloud',,,,rrset/name/*.iot-amqp.cn-shenzhen.aliyuncs.com./CNAME,
iot-amqp.cn-heyuan.aliyuncs.com.,rrset/name/*.iot-amqp.cn-heyuan.aliyuncs.com./A,rrset/name/*.iot-amqp.cn-heyuan.aliyuncs.com./AAAA,'Alibaba Cloud',,,,rrset/name/*.iot-amqp.cn-heyuan.aliyuncs.com./CNAME,
iot-amqp.cn-guangzhou.aliyuncs.com.,rrset/name/*.iot-amqp.cn-guangzhou.aliyuncs.com./A,rrset/name/*.iot-amqp.cn-guangzhou.aliyuncs.com./AAAA,'Alibaba Cloud',,,,rrset/name/*.iot-amqp.cn-guangzhou.aliyuncs.com./CNAME,
iot-amqp.cn-chengdu.aliyuncs.com.,rrset/name/*.iot-amqp.cn-chengdu.aliyuncs.com./A,rrset/name/*.iot-amqp.cn-chengdu.aliyuncs.com./AAAA,'Alibaba Cloud',,,,rrset/name/*.iot-amqp.cn-chengdu.aliyuncs.com./CNAME,
iot-amqp.cn-hongkong.aliyuncs.com.,rrset/name/*.iot-amqp.cn-hongkong.aliyuncs.com./A,rrset/name/*.iot-amqp.cn-hongkong.aliyuncs.com./AAAA,'Alibaba Cloud',,,,rrset/name/*.iot-amqp.cn-hongkong.aliyuncs.com./CNAME,
iot-amqp.ap-southeast-1.aliyuncs.com.,rrset/name/*.iot-amqp.ap-southeast-1.aliyuncs.com./A,rrset/name/*.iot-amqp.ap-southeast-1.aliyuncs.com./AAAA,'Alibaba Cloud',,,,rrset/name/*.iot-amqp.ap-southeast-1.aliyuncs.com./CNAME,
iot-amqp.ap-southeast-2.aliyuncs.com.,rrset/name/*.iot-amqp.ap-southeast-2.aliyuncs.com./A,rrset/name/*.iot-amqp.ap-southeast-2.aliyuncs.com./AAAA,'Alibaba Cloud',,,,rrset/name/*.iot-amqp.ap-southeast-2.aliyuncs.com./CNAME,
iot-amqp.ap-southeast-3.aliyuncs.com.,rrset/name/*.iot-amqp.ap-southeast-3.aliyuncs.com./A,rrset/name/*.iot-amqp.ap-southeast-3.aliyuncs.com./AAAA,'Alibaba Cloud',,,,rrset/name/*.iot-amqp.ap-southeast-3.aliyuncs.com./CNAME,
iot-amqp.ap-southeast-5.aliyuncs.com.,rrset/name/*.iot-amqp.ap-southeast-5.aliyuncs.com./A,rrset/name/*.iot-amqp.ap-southeast-5.aliyuncs.com./AAAA,'Alibaba Cloud',,,,rrset/name/*.iot-amqp.ap-southeast-5.aliyuncs.com./CNAME,
iot-amqp.ap-south-1.aliyuncs.com.,rrset/name/*.iot-amqp.ap-south-1.aliyuncs.com./A,rrset/name/*.iot-amqp.ap-south-1.aliyuncs.com./AAAA,'Alibaba Cloud',,,,rrset/name/*.iot-amqp.ap-south-1.aliyuncs.com./CNAME,
iot-amqp.ap-northeast-1.aliyuncs.com.,rrset/name/*.iot-amqp.ap-northeast-1.aliyuncs.com./A,rrset/name/*.iot-amqp.ap-northeast-1.aliyuncs.com./AAAA,'Alibaba Cloud',,,,rrset/name/*.iot-amqp.ap-northeast-1.aliyuncs.com./CNAME,
iot-amqp.us-west-1.aliyuncs.com.,rrset/name/*.iot-amqp.us-west-1.aliyuncs.com./A,rrset/name/*.iot-amqp.us-west-1.aliyuncs.com./AAAA,'Alibaba Cloud',,,,rrset/name/*.iot-amqp.us-west-1.aliyuncs.com./CNAME,
iot-amqp.us-east-1.aliyuncs.com.,rrset/name/*.iot-amqp.us-east-1.aliyuncs.com./A,rrset/name/*.iot-amqp.us-east-1.aliyuncs.com./AAAA,'Alibaba Cloud',,,,rrset/name/*.iot-amqp.us-east-1.aliyuncs.com./CNAME,
iot-amqp.eu-central-1.aliyuncs.com.,rrset/name/*.iot-amqp.eu-central-1.aliyuncs.com./A,rrset/name/*.iot-amqp.eu-central-1.aliyuncs.com./AAAA,'Alibaba Cloud',,,,rrset/name/*.iot-amqp.eu-central-1.aliyuncs.com./CNAME,
iot-amqp.eu-west-1.aliyuncs.com.,rrset/name/*.iot-amqp.eu-west-1.aliyuncs.com./A,rrset/name/*.iot-amqp.eu-west-1.aliyuncs.com./AAAA,'Alibaba Cloud',,,,rrset/name/*.iot-amqp.eu-west-1.aliyuncs.com./CNAME,
iot-as-mqtt.cn-shanghai.aliyuncs.com.,rrset/name/*.iot-as-mqtt.cn-shanghai.aliyuncs.com./A,rrset/name/*.iot-as-mqtt.cn-shanghai.aliyuncs.com./AAAA,'Alibaba Cloud',,,,rrset/name/*.iot-as-mqtt.cn-shanghai.aliyuncs.com./CNAME,
link.aliyuncs.com.,rrset/name/*.link.aliyuncs.com./A,rrset/name/*.link.aliyuncs.com./AAAA,'Alibaba Cloud',,,,rrset/name/*.link.aliyuncs.com./CNAME,
iot-as-mqtt.cn-zhangjiakou.aliyuncs.com.,rrset/name/*.iot-as-mqtt.cn-zhangjiakou.aliyuncs.com./A,rrset/name/*.iot-as-mqtt.cn-zhangjiakou.aliyuncs.com./AAAA,'Alibaba Cloud',,,,rrset/name/*.iot-as-mqtt.cn-zhangjiakou.aliyuncs.com./CNAME,
iot-as-mqtt.cn-beijing.aliyuncs.com.,rrset/name/*.iot-as-mqtt.cn-beijing.aliyuncs.com./A,rrset/name/*.iot-as-mqtt.cn-beijing.aliyuncs.com./AAAA,'Alibaba Cloud',,,,rrset/name/*.iot-as-mqtt.cn-beijing.aliyuncs.com./CNAME,
iot-as-mqtt.cn-wulanchabu.aliyuncs.com.,rrset/name/*.iot-as-mqtt.cn-wulanchabu.aliyuncs.com./A,rrset/name/*.iot-as-mqtt.cn-wulanchabu.aliyuncs.com./AAAA,'Alibaba Cloud',,,,rrset/name/*.iot-as-mqtt.cn-wulanchabu.aliyuncs.com./CNAME,
iot-as-mqtt.cn-shenzhen.aliyuncs.com.,rrset/name/*.iot-as-mqtt.cn-shenzhen.aliyuncs.com./A,rrset/name/*.iot-as-mqtt.cn-shenzhen.aliyuncs.com./AAAA,'Alibaba Cloud',,,,rrset/name/*.iot-as-mqtt.cn-shenzhen.aliyuncs.com./CNAME,
iot-as-mqtt.cn-heyuan.aliyuncs.com.,rrset/name/*.iot-as-mqtt.cn-heyuan.aliyuncs.com./A,rrset/name/*.iot-as-mqtt.cn-heyuan.aliyuncs.com./AAAA,'Alibaba Cloud',,,,rrset/name/*.iot-as-mqtt.cn-heyuan.aliyuncs.com./CNAME,
iot-as-mqtt.cn-guangzhou.aliyuncs.com.,rrset/name/*.iot-as-mqtt.cn-guangzhou.aliyuncs.com./A,rrset/name/*.iot-as-mqtt.cn-guangzhou.aliyuncs.com./AAAA,'Alibaba Cloud',,,,rrset/name/*.iot-as-mqtt.cn-guangzhou.aliyuncs.com./CNAME,
iot-as-mqtt.cn-chengdu.aliyuncs.com.,rrset/name/*.iot-as-mqtt.cn-chengdu.aliyuncs.com./A,rrset/name/*.iot-as-mqtt.cn-chengdu.aliyuncs.com./AAAA,'Alibaba Cloud',,,,rrset/name/*.iot-as-mqtt.cn-chengdu.aliyuncs.com./CNAME,
iot-as-mqtt.cn-hongkong.aliyuncs.com.,rrset/name/*.iot-as-mqtt.cn-hongkong.aliyuncs.com./A,rrset/name/*.iot-as-mqtt.cn-hongkong.aliyuncs.com./AAAA,'Alibaba Cloud',,,,rrset/name/*.iot-as-mqtt.cn-hongkong.aliyuncs.com./CNAME,
iot-as-mqtt.ap-southeast-1.aliyuncs.com.,rrset/name/*.iot-as-mqtt.ap-southeast-1.aliyuncs.com./A,rrset/name/*.iot-as-mqtt.ap-southeast-1.aliyuncs.com./AAAA,'Alibaba Cloud',,,,rrset/name/*.iot-as-mqtt.ap-southeast-1.aliyuncs.com./CNAME,
iot-as-mqtt.ap-southeast-2.aliyuncs.com.,rrset/name/*.iot-as-mqtt.ap-southeast-2.aliyuncs.com./A,rrset/name/*.iot-as-mqtt.ap-southeast-2.aliyuncs.com./AAAA,'Alibaba Cloud',,,,rrset/name/*.iot-as-mqtt.ap-southeast-2.aliyuncs.com./CNAME,
iot-as-mqtt.ap-southeast-3.aliyuncs.com.,rrset/name/*.iot-as-mqtt.ap-southeast-3.aliyuncs.com./A,rrset/name/*.iot-as-mqtt.ap-southeast-3.aliyuncs.com./AAAA,'Alibaba Cloud',,,,rrset/name/*.iot-as-mqtt.ap-southeast-3.aliyuncs.com./CNAME,
iot-as-mqtt.ap-southeast-5.aliyuncs.com.,rrset/name/*.iot-as-mqtt.ap-southeast-5.aliyuncs.com./A,rrset/name/*.iot-as-mqtt.ap-southeast-5.aliyuncs.com./AAAA,'Alibaba Cloud',,,,rrset/name/*.iot-as-mqtt.ap-southeast-5.aliyuncs.com./CNAME,
iot-as-mqtt.ap-south-1.aliyuncs.com.,rrset/name/*.iot-as-mqtt.ap-south-1.aliyuncs.com./A,rrset/name/*.iot-as-mqtt.ap-south-1.aliyuncs.com./AAAA,'Alibaba Cloud',,,,rrset/name/*.iot-as-mqtt.ap-south-1.aliyuncs.com./CNAME,
iot-as-mqtt.ap-northeast-1.aliyuncs.com.,rrset/name/*.iot-as-mqtt.ap-northeast-1.aliyuncs.com./A,rrset/name/*.iot-as-mqtt.ap-northeast-1.aliyuncs.com./AAAA,'Alibaba Cloud',,,,rrset/name/*.iot-as-mqtt.ap-northeast-1.aliyuncs.com./CNAME,
iot-as-mqtt.us-west-1.aliyuncs.com.,rrset/name/*.iot-as-mqtt.us-west-1.aliyuncs.com./A,rrset/name/*.iot-as-mqtt.us-west-1.aliyuncs.com./AAAA,'Alibaba Cloud',,,,rrset/name/*.iot-as-mqtt.us-west-1.aliyuncs.com./CNAME,
iot-as-mqtt.us-east-1.aliyuncs.com.,rrset/name/*.iot-as-mqtt.us-east-1.aliyuncs.com./A,rrset/name/*.iot-as-mqtt.us-east-1.aliyuncs.com./AAAA,'Alibaba Cloud',,,,rrset/name/*.iot-as-mqtt.us-east-1.aliyuncs.com./CNAME,
iot-as-mqtt.eu-central-1.aliyuncs.com.,rrset/name/*.iot-as-mqtt.eu-central-1.aliyuncs.com./A,rrset/name/*.iot-as-mqtt.eu-central-1.aliyuncs.com./AAAA,'Alibaba Cloud',,,,rrset/name/*.iot-as-mqtt.eu-central-1.aliyuncs.com./CNAME,
iot-as-mqtt.eu-west-1.aliyuncs.com.,rrset/name/*.iot-as-mqtt.eu-west-1.aliyuncs.com./A,rrset/name/*.iot-as-mqtt.eu-west-1.aliyuncs.com./AAAA,'Alibaba Cloud',,,,rrset/name/*.iot-as-mqtt.eu-west-1.aliyuncs.com./CNAME,
iot-as-coap.cn-shanghai.aliyuncs.com.,rrset/name/*.iot-as-coap.cn-shanghai.aliyuncs.com./A,rrset/name/*.iot-as-coap.cn-shanghai.aliyuncs.com./AAAA,'Alibaba Cloud',,,,rrset/name/*.iot-as-coap.cn-shanghai.aliyuncs.com./CNAME,
iot-as-coap.cn-zhangjiakou.aliyuncs.com.,rrset/name/*.iot-as-coap.cn-zhangjiakou.aliyuncs.com./A,rrset/name/*.iot-as-coap.cn-zhangjiakou.aliyuncs.com./AAAA,'Alibaba Cloud',,,,rrset/name/*.iot-as-coap.cn-zhangjiakou.aliyuncs.com./CNAME,
iot-as-coap.cn-beijing.aliyuncs.com.,rrset/name/*.iot-as-coap.cn-beijing.aliyuncs.com./A,rrset/name/*.iot-as-coap.cn-beijing.aliyuncs.com./AAAA,'Alibaba Cloud',,,,rrset/name/*.iot-as-coap.cn-beijing.aliyuncs.com./CNAME,
iot-as-coap.cn-wulanchabu.aliyuncs.com.,rrset/name/*.iot-as-coap.cn-wulanchabu.aliyuncs.com./A,rrset/name/*.iot-as-coap.cn-wulanchabu.aliyuncs.com./AAAA,'Alibaba Cloud',,,,rrset/name/*.iot-as-coap.cn-wulanchabu.aliyuncs.com./CNAME,
iot-as-coap.cn-shenzhen.aliyuncs.com.,rrset/name/*.iot-as-coap.cn-shenzhen.aliyuncs.com./A,rrset/name/*.iot-as-coap.cn-shenzhen.aliyuncs.com./AAAA,'Alibaba Cloud',,,,rrset/name/*.iot-as-coap.cn-shenzhen.aliyuncs.com./CNAME,
iot-as-coap.cn-heyuan.aliyuncs.com.,rrset/name/*.iot-as-coap.cn-heyuan.aliyuncs.com./A,rrset/name/*.iot-as-coap.cn-heyuan.aliyuncs.com./AAAA,'Alibaba Cloud',,,,rrset/name/*.iot-as-coap.cn-heyuan.aliyuncs.com./CNAME,
iot-as-coap.cn-guangzhou.aliyuncs.com.,rrset/name/*.iot-as-coap.cn-guangzhou.aliyuncs.com./A,rrset/name/*.iot-as-coap.cn-guangzhou.aliyuncs.com./AAAA,'Alibaba Cloud',,,,rrset/name/*.iot-as-coap.cn-guangzhou.aliyuncs.com./CNAME,
iot-as-coap.cn-chengdu.aliyuncs.com.,rrset/name/*.iot-as-coap.cn-chengdu.aliyuncs.com./A,rrset/name/*.iot-as-coap.cn-chengdu.aliyuncs.com./AAAA,'Alibaba Cloud',,,,rrset/name/*.iot-as-coap.cn-chengdu.aliyuncs.com./CNAME,
iot-as-coap.cn-hongkong.aliyuncs.com.,rrset/name/*.iot-as-coap.cn-hongkong.aliyuncs.com./A,rrset/name/*.iot-as-coap.cn-hongkong.aliyuncs.com./AAAA,'Alibaba Cloud',,,,rrset/name/*.iot-as-coap.cn-hongkong.aliyuncs.com./CNAME,
iot-as-coap.ap-southeast-1.aliyuncs.com.,rrset/name/*.iot-as-coap.ap-southeast-1.aliyuncs.com./A,rrset/name/*.iot-as-coap.ap-southeast-1.aliyuncs.com./AAAA,'Alibaba Cloud',,,,rrset/name/*.iot-as-coap.ap-southeast-1.aliyuncs.com./CNAME,
iot-as-coap.ap-southeast-2.aliyuncs.com.,rrset/name/*.iot-as-coap.ap-southeast-2.aliyuncs.com./A,rrset/name/*.iot-as-coap.ap-southeast-2.aliyuncs.com./AAAA,'Alibaba Cloud',,,,rrset/name/*.iot-as-coap.ap-southeast-2.aliyuncs.com./CNAME,
iot-as-coap.ap-southeast-3.aliyuncs.com.,rrset/name/*.iot-as-coap.ap-southeast-3.aliyuncs.com./A,rrset/name/*.iot-as-coap.ap-southeast-3.aliyuncs.com./AAAA,'Alibaba Cloud',,,,rrset/name/*.iot-as-coap.ap-southeast-3.aliyuncs.com./CNAME,
iot-as-coap.ap-southeast-5.aliyuncs.com.,rrset/name/*.iot-as-coap.ap-southeast-5.aliyuncs.com./A,rrset/name/*.iot-as-coap.ap-southeast-5.aliyuncs.com./AAAA,'Alibaba Cloud',,,,rrset/name/*.iot-as-coap.ap-southeast-5.aliyuncs.com./CNAME,
iot-as-coap.ap-south-1.aliyuncs.com.,rrset/name/*.iot-as-coap.ap-south-1.aliyuncs.com./A,rrset/name/*.iot-as-coap.ap-south-1.aliyuncs.com./AAAA,'Alibaba Cloud',,,,rrset/name/*.iot-as-coap.ap-south-1.aliyuncs.com./CNAME,
iot-as-coap.ap-northeast-1.aliyuncs.com.,rrset/name/*.iot-as-coap.ap-northeast-1.aliyuncs.com./A,rrset/name/*.iot-as-coap.ap-northeast-1.aliyuncs.com./AAAA,'Alibaba Cloud',,,,rrset/name/*.iot-as-coap.ap-northeast-1.aliyuncs.com./CNAME,
iot-as-coap.us-west-1.aliyuncs.com.,rrset/name/*.iot-as-coap.us-west-1.aliyuncs.com./A,rrset/name/*.iot-as-coap.us-west-1.aliyuncs.com./AAAA,'Alibaba Cloud',,,,rrset/name/*.iot-as-coap.us-west-1.aliyuncs.com./CNAME,
iot-as-coap.us-east-1.aliyuncs.com.,rrset/name/*.iot-as-coap.us-east-1.aliyuncs.com./A,rrset/name/*.iot-as-coap.us-east-1.aliyuncs.com./AAAA,'Alibaba Cloud',,,,rrset/name/*.iot-as-coap.us-east-1.aliyuncs.com./CNAME,
iot-as-coap.eu-central-1.aliyuncs.com.,rrset/name/*.iot-as-coap.eu-central-1.aliyuncs.com./A,rrset/name/*.iot-as-coap.eu-central-1.aliyuncs.com./AAAA,'Alibaba Cloud',,,,rrset/name/*.iot-as-coap.eu-central-1.aliyuncs.com./CNAME,
iot-as-coap.eu-west-1.aliyuncs.com.,rrset/name/*.iot-as-coap.eu-west-1.aliyuncs.com./A,rrset/name/*.iot-as-coap.eu-west-1.aliyuncs.com./AAAA,'Alibaba Cloud',,,,rrset/name/*.iot-as-coap.eu-west-1.aliyuncs.com./CNAME,
coap.cn-shanghai.link.aliyuncs.com.,rrset/name/*.coap.cn-shanghai.link.aliyuncs.com./A,rrset/name/*.coap.cn-shanghai.link.aliyuncs.com./AAAA,'Alibaba Cloud',,,,rrset/name/*.coap.cn-shanghai.link.aliyuncs.com./CNAME,
coap.cn-zhangjiakou.link.aliyuncs.com.,rrset/name/*.coap.cn-zhangjiakou.link.aliyuncs.com./A,rrset/name/*.coap.cn-zhangjiakou.link.aliyuncs.com./AAAA,'Alibaba Cloud',,,,rrset/name/*.coap.cn-zhangjiakou.link.aliyuncs.com./CNAME,
coap.cn-beijing.link.aliyuncs.com.,rrset/name/*.coap.cn-beijing.link.aliyuncs.com./A,rrset/name/*.coap.cn-beijing.link.aliyuncs.com./AAAA,'Alibaba Cloud',,,,rrset/name/*.coap.cn-beijing.link.aliyuncs.com./CNAME,
coap.cn-wulanchabu.link.aliyuncs.com.,rrset/name/*.coap.cn-wulanchabu.link.aliyuncs.com./A,rrset/name/*.coap.cn-wulanchabu.link.aliyuncs.com./AAAA,'Alibaba Cloud',,,,rrset/name/*.coap.cn-wulanchabu.link.aliyuncs.com./CNAME,
coap.cn-shenzhen.link.aliyuncs.com.,rrset/name/*.coap.cn-shenzhen.link.aliyuncs.com./A,rrset/name/*.coap.cn-shenzhen.link.aliyuncs.com./AAAA,'Alibaba Cloud',,,,rrset/name/*.coap.cn-shenzhen.link.aliyuncs.com./CNAME,
coap.cn-heyuan.link.aliyuncs.com.,rrset/name/*.coap.cn-heyuan.link.aliyuncs.com./A,rrset/name/*.coap.cn-heyuan.link.aliyuncs.com./AAAA,'Alibaba Cloud',,,,rrset/name/*.coap.cn-heyuan.link.aliyuncs.com./CNAME,
coap.cn-guangzhou.link.aliyuncs.com.,rrset/name/*.coap.cn-guangzhou.link.aliyuncs.com./A,rrset/name/*.coap.cn-guangzhou.link.aliyuncs.com./AAAA,'Alibaba Cloud',,,,rrset/name/*.coap.cn-guangzhou.link.aliyuncs.com./CNAME,
coap.cn-chengdu.link.aliyuncs.com.,rrset/name/*.coap.cn-chengdu.link.aliyuncs.com./A,rrset/name/*.coap.cn-chengdu.link.aliyuncs.com./AAAA,'Alibaba Cloud',,,,rrset/name/*.coap.cn-chengdu.link.aliyuncs.com./CNAME,
coap.cn-hongkong.link.aliyuncs.com.,rrset/name/*.coap.cn-hongkong.link.aliyuncs.com./A,rrset/name/*.coap.cn-hongkong.link.aliyuncs.com./AAAA,'Alibaba Cloud',,,,rrset/name/*.coap.cn-hongkong.link.aliyuncs.com./CNAME,
coap.ap-southeast-1.link.aliyuncs.com.,rrset/name/*.coap.ap-southeast-1.link.aliyuncs.com./A,rrset/name/*.coap.ap-southeast-1.link.aliyuncs.com./AAAA,'Alibaba Cloud',,,,rrset/name/*.coap.ap-southeast-1.link.aliyuncs.com./CNAME,
coap.ap-southeast-2.link.aliyuncs.com.,rrset/name/*.coap.ap-southeast-2.link.aliyuncs.com./A,rrset/name/*.coap.ap-southeast-2.link.aliyuncs.com./AAAA,'Alibaba Cloud',,,,rrset/name/*.coap.ap-southeast-2.link.aliyuncs.com./CNAME,
coap.ap-southeast-3.link.aliyuncs.com.,rrset/name/*.coap.ap-southeast-3.link.aliyuncs.com./A,rrset/name/*.coap.ap-southeast-3.link.aliyuncs.com./AAAA,'Alibaba Cloud',,,,rrset/name/*.coap.ap-southeast-3.link.aliyuncs.com./CNAME,
coap.ap-southeast-5.link.aliyuncs.com.,rrset/name/*.coap.ap-southeast-5.link.aliyuncs.com./A,rrset/name/*.coap.ap-southeast-5.link.aliyuncs.com./AAAA,'Alibaba Cloud',,,,rrset/name/*.coap.ap-southeast-5.link.aliyuncs.com./CNAME,
coap.ap-south-1.link.aliyuncs.com.,rrset/name/*.coap.ap-south-1.link.aliyuncs.com./A,rrset/name/*.coap.ap-south-1.link.aliyuncs.com./AAAA,'Alibaba Cloud',,,,rrset/name/*.coap.ap-south-1.link.aliyuncs.com./CNAME,
coap.ap-northeast-1.link.aliyuncs.com.,rrset/name/*.coap.ap-northeast-1.link.aliyuncs.com./A,rrset/name/*.coap.ap-northeast-1.link.aliyuncs.com./AAAA,'Alibaba Cloud',,,,rrset/name/*.coap.ap-northeast-1.link.aliyuncs.com./CNAME,
coap.us-west-1.link.aliyuncs.com.,rrset/name/*.coap.us-west-1.link.aliyuncs.com./A,rrset/name/*.coap.us-west-1.link.aliyuncs.com./AAAA,'Alibaba Cloud',,,,rrset/name/*.coap.us-west-1.link.aliyuncs.com./CNAME,
coap.us-east-1.link.aliyuncs.com.,rrset/name/*.coap.us-east-1.link.aliyuncs.com./A,rrset/name/*.coap.us-east-1.link.aliyuncs.com./AAAA,'Alibaba Cloud',,,,rrset/name/*.coap.us-east-1.link.aliyuncs.com./CNAME,
coap.eu-central-1.link.aliyuncs.com.,rrset/name/*.coap.eu-central-1.link.aliyuncs.com./A,rrset/name/*.coap.eu-central-1.link.aliyuncs.com./AAAA,'Alibaba Cloud',,,,rrset/name/*.coap.eu-central-1.link.aliyuncs.com./CNAME,
coap.eu-west-1.link.aliyuncs.com.,rrset/name/*.coap.eu-west-1.link.aliyuncs.com./A,rrset/name/*.coap.eu-west-1.link.aliyuncs.com./AAAA,'Alibaba Cloud',,,,rrset/name/*.coap.eu-west-1.link.aliyuncs.com./CNAME,
iot-as-http.cn-shanghai.aliyuncs.com.,rrset/name/*.iot-as-http.cn-shanghai.aliyuncs.com./A,rrset/name/*.iot-as-http.cn-shanghai.aliyuncs.com./AAAA,'Alibaba Cloud',,,,rrset/name/*.iot-as-http.cn-shanghai.aliyuncs.com./CNAME,
iot-as-http.cn-zhangjiakou.aliyuncs.com.,rrset/name/*.iot-as-http.cn-zhangjiakou.aliyuncs.com./A,rrset/name/*.iot-as-http.cn-zhangjiakou.aliyuncs.com./AAAA,'Alibaba Cloud',,,,rrset/name/*.iot-as-http.cn-zhangjiakou.aliyuncs.com./CNAME,
iot-as-http.cn-beijing.aliyuncs.com.,rrset/name/*.iot-as-http.cn-beijing.aliyuncs.com./A,rrset/name/*.iot-as-http.cn-beijing.aliyuncs.com./AAAA,'Alibaba Cloud',,,,rrset/name/*.iot-as-http.cn-beijing.aliyuncs.com./CNAME,
iot-as-http.cn-wulanchabu.aliyuncs.com.,rrset/name/*.iot-as-http.cn-wulanchabu.aliyuncs.com./A,rrset/name/*.iot-as-http.cn-wulanchabu.aliyuncs.com./AAAA,'Alibaba Cloud',,,,rrset/name/*.iot-as-http.cn-wulanchabu.aliyuncs.com./CNAME,
iot-as-http.cn-shenzhen.aliyuncs.com.,rrset/name/*.iot-as-http.cn-shenzhen.aliyuncs.com./A,rrset/name/*.iot-as-http.cn-shenzhen.aliyuncs.com./AAAA,'Alibaba Cloud',,,,rrset/name/*.iot-as-http.cn-shenzhen.aliyuncs.com./CNAME,
iot-as-http.cn-heyuan.aliyuncs.com.,rrset/name/*.iot-as-http.cn-heyuan.aliyuncs.com./A,rrset/name/*.iot-as-http.cn-heyuan.aliyuncs.com./AAAA,'Alibaba Cloud',,,,rrset/name/*.iot-as-http.cn-heyuan.aliyuncs.com./CNAME,
iot-as-http.cn-guangzhou.aliyuncs.com.,rrset/name/*.iot-as-http.cn-guangzhou.aliyuncs.com./A,rrset/name/*.iot-as-http.cn-guangzhou.aliyuncs.com./AAAA,'Alibaba Cloud',,,,rrset/name/*.iot-as-http.cn-guangzhou.aliyuncs.com./CNAME,
iot-as-http.cn-chengdu.aliyuncs.com.,rrset/name/*.iot-as-http.cn-chengdu.aliyuncs.com./A,rrset/name/*.iot-as-http.cn-chengdu.aliyuncs.com./AAAA,'Alibaba Cloud',,,,rrset/name/*.iot-as-http.cn-chengdu.aliyuncs.com./CNAME,
iot-as-http.cn-hongkong.aliyuncs.com.,rrset/name/*.iot-as-http.cn-hongkong.aliyuncs.com./A,rrset/name/*.iot-as-http.cn-hongkong.aliyuncs.com./AAAA,'Alibaba Cloud',,,,rrset/name/*.iot-as-http.cn-hongkong.aliyuncs.com./CNAME,
iot-as-http.ap-southeast-1.aliyuncs.com.,rrset/name/*.iot-as-http.ap-southeast-1.aliyuncs.com./A,rrset/name/*.iot-as-http.ap-southeast-1.aliyuncs.com./AAAA,'Alibaba Cloud',,,,rrset/name/*.iot-as-http.ap-southeast-1.aliyuncs.com./CNAME,
iot-as-http.ap-southeast-2.aliyuncs.com.,rrset/name/*.iot-as-http.ap-southeast-2.aliyuncs.com./A,rrset/name/*.iot-as-http.ap-southeast-2.aliyuncs.com./AAAA,'Alibaba Cloud',,,,rrset/name/*.iot-as-http.ap-southeast-2.aliyuncs.com./CNAME,
iot-as-http.ap-southeast-3.aliyuncs.com.,rrset/name/*.iot-as-http.ap-southeast-3.aliyuncs.com./A,rrset/name/*.iot-as-http.ap-southeast-3.aliyuncs.com./AAAA,'Alibaba Cloud',,,,rrset/name/*.iot-as-http.ap-southeast-3.aliyuncs.com./CNAME,
iot-as-http.ap-southeast-5.aliyuncs.com.,rrset/name/*.iot-as-http.ap-southeast-5.aliyuncs.com./A,rrset/name/*.iot-as-http.ap-southeast-5.aliyuncs.com./AAAA,'Alibaba Cloud',,,,rrset/name/*.iot-as-http.ap-southeast-5.aliyuncs.com./CNAME,
iot-as-http.ap-south-1.aliyuncs.com.,rrset/name/*.iot-as-http.ap-south-1.aliyuncs.com./A,rrset/name/*.iot-as-http.ap-south-1.aliyuncs.com./AAAA,'Alibaba Cloud',,,,rrset/name/*.iot-as-http.ap-south-1.aliyuncs.com./CNAME,
iot-as-http.ap-northeast-1.aliyuncs.com.,rrset/name/*.iot-as-http.ap-northeast-1.aliyuncs.com./A,rrset/name/*.iot-as-http.ap-northeast-1.aliyuncs.com./AAAA,'Alibaba Cloud',,,,rrset/name/*.iot-as-http.ap-northeast-1.aliyuncs.com./CNAME,
iot-as-http.us-west-1.aliyuncs.com.,rrset/name/*.iot-as-http.us-west-1.aliyuncs.com./A,rrset/name/*.iot-as-http.us-west-1.aliyuncs.com./AAAA,'Alibaba Cloud',,,,rrset/name/*.iot-as-http.us-west-1.aliyuncs.com./CNAME,
iot-as-http.us-east-1.aliyuncs.com.,rrset/name/*.iot-as-http.us-east-1.aliyuncs.com./A,rrset/name/*.iot-as-http.us-east-1.aliyuncs.com./AAAA,'Alibaba Cloud',,,,rrset/name/*.iot-as-http.us-east-1.aliyuncs.com./CNAME,
iot-as-http.eu-central-1.aliyuncs.com.,rrset/name/*.iot-as-http.eu-central-1.aliyuncs.com./A,rrset/name/*.iot-as-http.eu-central-1.aliyuncs.com./AAAA,'Alibaba Cloud',,,,rrset/name/*.iot-as-http.eu-central-1.aliyuncs.com./CNAME,
iot-as-http.eu-west-1.aliyuncs.com.,rrset/name/*.iot-as-http.eu-west-1.aliyuncs.com./A,rrset/name/*.iot-as-http.eu-west-1.aliyuncs.com./AAAA,'Alibaba Cloud',,,,rrset/name/*.iot-as-http.eu-west-1.aliyuncs.com./CNAME,
iot-as-http2.cn-shanghai.aliyuncs.com.,rrset/name/*.iot-as-http2.cn-shanghai.aliyuncs.com./A,rrset/name/*.iot-as-http2.cn-shanghai.aliyuncs.com./AAAA,'Alibaba Cloud',,,,rrset/name/*.iot-as-http2.cn-shanghai.aliyuncs.com./CNAME,
iot-as-http2.cn-zhangjiakou.aliyuncs.com.,rrset/name/*.iot-as-http2.cn-zhangjiakou.aliyuncs.com./A,rrset/name/*.iot-as-http2.cn-zhangjiakou.aliyuncs.com./AAAA,'Alibaba Cloud',,,,rrset/name/*.iot-as-http2.cn-zhangjiakou.aliyuncs.com./CNAME,
iot-as-http2.cn-beijing.aliyuncs.com.,rrset/name/*.iot-as-http2.cn-beijing.aliyuncs.com./A,rrset/name/*.iot-as-http2.cn-beijing.aliyuncs.com./AAAA,'Alibaba Cloud',,,,rrset/name/*.iot-as-http2.cn-beijing.aliyuncs.com./CNAME,
iot-as-http2.cn-wulanchabu.aliyuncs.com.,rrset/name/*.iot-as-http2.cn-wulanchabu.aliyuncs.com./A,rrset/name/*.iot-as-http2.cn-wulanchabu.aliyuncs.com./AAAA,'Alibaba Cloud',,,,rrset/name/*.iot-as-http2.cn-wulanchabu.aliyuncs.com./CNAME,
iot-as-http2.cn-shenzhen.aliyuncs.com.,rrset/name/*.iot-as-http2.cn-shenzhen.aliyuncs.com./A,rrset/name/*.iot-as-http2.cn-shenzhen.aliyuncs.com./AAAA,'Alibaba Cloud',,,,rrset/name/*.iot-as-http2.cn-shenzhen.aliyuncs.com./CNAME,
iot-as-http2.cn-heyuan.aliyuncs.com.,rrset/name/*.iot-as-http2.cn-heyuan.aliyuncs.com./A,rrset/name/*.iot-as-http2.cn-heyuan.aliyuncs.com./AAAA,'Alibaba Cloud',,,,rrset/name/*.iot-as-http2.cn-heyuan.aliyuncs.com./CNAME,
iot-as-http2.cn-guangzhou.aliyuncs.com.,rrset/name/*.iot-as-http2.cn-guangzhou.aliyuncs.com./A,rrset/name/*.iot-as-http2.cn-guangzhou.aliyuncs.com./AAAA,'Alibaba Cloud',,,,rrset/name/*.iot-as-http2.cn-guangzhou.aliyuncs.com./CNAME,
iot-as-http2.cn-chengdu.aliyuncs.com.,rrset/name/*.iot-as-http2.cn-chengdu.aliyuncs.com./A,rrset/name/*.iot-as-http2.cn-chengdu.aliyuncs.com./AAAA,'Alibaba Cloud',,,,rrset/name/*.iot-as-http2.cn-chengdu.aliyuncs.com./CNAME,
iot-as-http2.cn-hongkong.aliyuncs.com.,rrset/name/*.iot-as-http2.cn-hongkong.aliyuncs.com./A,rrset/name/*.iot-as-http2.cn-hongkong.aliyuncs.com./AAAA,'Alibaba Cloud',,,,rrset/name/*.iot-as-http2.cn-hongkong.aliyuncs.com./CNAME,
iot-as-http2.ap-southeast-1.aliyuncs.com.,rrset/name/*.iot-as-http2.ap-southeast-1.aliyuncs.com./A,rrset/name/*.iot-as-http2.ap-southeast-1.aliyuncs.com./AAAA,'Alibaba Cloud',,,,rrset/name/*.iot-as-http2.ap-southeast-1.aliyuncs.com./CNAME,
iot-as-http2.ap-southeast-2.aliyuncs.com.,rrset/name/*.iot-as-http2.ap-southeast-2.aliyuncs.com./A,rrset/name/*.iot-as-http2.ap-southeast-2.aliyuncs.com./AAAA,'Alibaba Cloud',,,,rrset/name/*.iot-as-http2.ap-southeast-2.aliyuncs.com./CNAME,
iot-as-http2.ap-southeast-3.aliyuncs.com.,rrset/name/*.iot-as-http2.ap-southeast-3.aliyuncs.com./A,rrset/name/*.iot-as-http2.ap-southeast-3.aliyuncs.com./AAAA,'Alibaba Cloud',,,,rrset/name/*.iot-as-http2.ap-southeast-3.aliyuncs.com./CNAME,
iot-as-http2.ap-southeast-5.aliyuncs.com.,rrset/name/*.iot-as-http2.ap-southeast-5.aliyuncs.com./A,rrset/name/*.iot-as-http2.ap-southeast-5.aliyuncs.com./AAAA,'Alibaba Cloud',,,,rrset/name/*.iot-as-http2.ap-southeast-5.aliyuncs.com./CNAME,
iot-as-http2.ap-south-1.aliyuncs.com.,rrset/name/*.iot-as-http2.ap-south-1.aliyuncs.com./A,rrset/name/*.iot-as-http2.ap-south-1.aliyuncs.com./AAAA,'Alibaba Cloud',,,,rrset/name/*.iot-as-http2.ap-south-1.aliyuncs.com./CNAME,
iot-as-http2.ap-northeast-1.aliyuncs.com.,rrset/name/*.iot-as-http2.ap-northeast-1.aliyuncs.com./A,rrset/name/*.iot-as-http2.ap-northeast-1.aliyuncs.com./AAAA,'Alibaba Cloud',,,,rrset/name/*.iot-as-http2.ap-northeast-1.aliyuncs.com./CNAME,
iot-as-http2.us-west-1.aliyuncs.com.,rrset/name/*.iot-as-http2.us-west-1.aliyuncs.com./A,rrset/name/*.iot-as-http2.us-west-1.aliyuncs.com./AAAA,'Alibaba Cloud',,,,rrset/name/*.iot-as-http2.us-west-1.aliyuncs.com./CNAME,
iot-as-http2.us-east-1.aliyuncs.com.,rrset/name/*.iot-as-http2.us-east-1.aliyuncs.com./A,rrset/name/*.iot-as-http2.us-east-1.aliyuncs.com./AAAA,'Alibaba Cloud',,,,rrset/name/*.iot-as-http2.us-east-1.aliyuncs.com./CNAME,
iot-as-http2.eu-central-1.aliyuncs.com.,rrset/name/*.iot-as-http2.eu-central-1.aliyuncs.com./A,rrset/name/*.iot-as-http2.eu-central-1.aliyuncs.com./AAAA,'Alibaba Cloud',,,,rrset/name/*.iot-as-http2.eu-central-1.aliyuncs.com./CNAME,
iot-as-http2.eu-west-1.aliyuncs.com.,rrset/name/*.iot-as-http2.eu-west-1.aliyuncs.com./A,rrset/name/*.iot-as-http2.eu-west-1.aliyuncs.com./AAAA,'Alibaba Cloud',,,,rrset/name/*.iot-as-http2.eu-west-1.aliyuncs.com./CNAME,
iot.cn-shanghai.aliyuncs.com.,rrset/name/*.iot.cn-shanghai.aliyuncs.com./A,rrset/name/*.iot.cn-shanghai.aliyuncs.com./AAAA,'Alibaba Cloud',,,,rrset/name/*.iot.cn-shanghai.aliyuncs.com./CNAME,
iot.cn-zhangjiakou.aliyuncs.com.,rrset/name/*.iot.cn-zhangjiakou.aliyuncs.com./A,rrset/name/*.iot.cn-zhangjiakou.aliyuncs.com./AAAA,'Alibaba Cloud',,,,rrset/name/*.iot.cn-zhangjiakou.aliyuncs.com./CNAME,
iot.cn-beijing.aliyuncs.com.,rrset/name/*.iot.cn-beijing.aliyuncs.com./A,rrset/name/*.iot.cn-beijing.aliyuncs.com./AAAA,'Alibaba Cloud',,,,rrset/name/*.iot.cn-beijing.aliyuncs.com./CNAME,
iot.cn-wulanchabu.aliyuncs.com.,rrset/name/*.iot.cn-wulanchabu.aliyuncs.com./A,rrset/name/*.iot.cn-wulanchabu.aliyuncs.com./AAAA,'Alibaba Cloud',,,,rrset/name/*.iot.cn-wulanchabu.aliyuncs.com./CNAME,
iot.cn-shenzhen.aliyuncs.com.,rrset/name/*.iot.cn-shenzhen.aliyuncs.com./A,rrset/name/*.iot.cn-shenzhen.aliyuncs.com./AAAA,'Alibaba Cloud',,,,rrset/name/*.iot.cn-shenzhen.aliyuncs.com./CNAME,
iot.cn-heyuan.aliyuncs.com.,rrset/name/*.iot.cn-heyuan.aliyuncs.com./A,rrset/name/*.iot.cn-heyuan.aliyuncs.com./AAAA,'Alibaba Cloud',,,,rrset/name/*.iot.cn-heyuan.aliyuncs.com./CNAME,
iot.cn-guangzhou.aliyuncs.com.,rrset/name/*.iot.cn-guangzhou.aliyuncs.com./A,rrset/name/*.iot.cn-guangzhou.aliyuncs.com./AAAA,'Alibaba Cloud',,,,rrset/name/*.iot.cn-guangzhou.aliyuncs.com./CNAME,
iot.cn-chengdu.aliyuncs.com.,rrset/name/*.iot.cn-chengdu.aliyuncs.com./A,rrset/name/*.iot.cn-chengdu.aliyuncs.com./AAAA,'Alibaba Cloud',,,,rrset/name/*.iot.cn-chengdu.aliyuncs.com./CNAME,
iot.cn-hongkong.aliyuncs.com.,rrset/name/*.iot.cn-hongkong.aliyuncs.com./A,rrset/name/*.iot.cn-hongkong.aliyuncs.com./AAAA,'Alibaba Cloud',,,,rrset/name/*.iot.cn-hongkong.aliyuncs.com./CNAME,
iot.ap-southeast-1.aliyuncs.com.,rrset/name/*.iot.ap-southeast-1.aliyuncs.com./A,rrset/name/*.iot.ap-southeast-1.aliyuncs.com./AAAA,'Alibaba Cloud',,,,rrset/name/*.iot.ap-southeast-1.aliyuncs.com./CNAME,
iot.ap-southeast-2.aliyuncs.com.,rrset/name/*.iot.ap-southeast-2.aliyuncs.com./A,rrset/name/*.iot.ap-southeast-2.aliyuncs.com./AAAA,'Alibaba Cloud',,,,rrset/name/*.iot.ap-southeast-2.aliyuncs.com./CNAME,
iot.ap-southeast-3.aliyuncs.com.,rrset/name/*.iot.ap-southeast-3.aliyuncs.com./A,rrset/name/*.iot.ap-southeast-3.aliyuncs.com./AAAA,'Alibaba Cloud',,,,rrset/name/*.iot.ap-southeast-3.aliyuncs.com./CNAME,
iot.ap-southeast-5.aliyuncs.com.,rrset/name/*.iot.ap-southeast-5.aliyuncs.com./A,rrset/name/*.iot.ap-southeast-5.aliyuncs.com./AAAA,'Alibaba Cloud',,,,rrset/name/*.iot.ap-southeast-5.aliyuncs.com./CNAME,
iot.ap-south-1.aliyuncs.com.,rrset/name/*.iot.ap-south-1.aliyuncs.com./A,rrset/name/*.iot.ap-south-1.aliyuncs.com./AAAA,'Alibaba Cloud',,,,rrset/name/*.iot.ap-south-1.aliyuncs.com./CNAME,
iot.ap-northeast-1.aliyuncs.com.,rrset/name/*.iot.ap-northeast-1.aliyuncs.com./A,rrset/name/*.iot.ap-northeast-1.aliyuncs.com./AAAA,'Alibaba Cloud',,,,rrset/name/*.iot.ap-northeast-1.aliyuncs.com./CNAME,
iot.us-west-1.aliyuncs.com.,rrset/name/*.iot.us-west-1.aliyuncs.com./A,rrset/name/*.iot.us-west-1.aliyuncs.com./AAAA,'Alibaba Cloud',,,,rrset/name/*.iot.us-west-1.aliyuncs.com./CNAME,
iot.us-east-1.aliyuncs.com.,rrset/name/*.iot.us-east-1.aliyuncs.com./A,rrset/name/*.iot.us-east-1.aliyuncs.com./AAAA,'Alibaba Cloud',,,,rrset/name/*.iot.us-east-1.aliyuncs.com./CNAME,
iot.eu-central-1.aliyuncs.com.,rrset/name/*.iot.eu-central-1.aliyuncs.com./A,rrset/name/*.iot.eu-central-1.aliyuncs.com./AAAA,'Alibaba Cloud',,,,rrset/name/*.iot.eu-central-1.aliyuncs.com./CNAME,
iot.eu-west-1.aliyuncs.com.,rrset/name/*.iot.eu-west-1.aliyuncs.com./A,rrset/name/*.iot.eu-west-1.aliyuncs.com./AAAA,'Alibaba Cloud',,,,rrset/name/*.iot.eu-west-1.aliyuncs.com./CNAME,
iot.europe.oraclecloud.com,rrset/name/*.iot.europe.oraclecloud.com/A,rrset/name/*.iot.europe.oraclecloud.com/A,'Oracle',,,,rrset/name/*.iot.europe.oraclecloud.com/CNAME,
iot.us.oraclecloud.com.,rrset/name/*.iot.us.oraclecloud.com./A,rrset/name/*.iot.us.oraclecloud.com./AAAA,'Oracle',,,,rrset/name/*.iot.us.oraclecloud.com./CNAME,
iot.dv2.oraclecloud.com.,rrset/name/*.iot.dv2.oraclecloud.com./A,rrset/name/*.iot.dv2.oraclecloud.com./AAAA,'Oracle',,,,rrset/name/*.iot.dv2.oraclecloud.com./CNAME,
iot.ocs.oraclecloud.com.,rrset/name/*.iot.ocs.oraclecloud.com./A,rrset/name/*.iot.ocs.oraclecloud.com./AAAA,'Oracle',,,,rrset/name/*.iot.ocs.oraclecloud.com./CNAME,
iot.pp1.oraclecloud.com,rrset/name/*.iot.pp1.oraclecloud.com/A,rrset/name/*.iot.pp1.oraclecloud.com/A,'Oracle',,,,rrset/name/*.iot.pp1.oraclecloud.com/CNAME,
iot.internal-pod.dv2.oraclecloud.com.,rrset/name/*.iot.internal-pod.dv2.oraclecloud.com./A,rrset/name/*.iot.internal-pod.dv2.oraclecloud.com./AAAA,'Oracle',,,,rrset/name/*.iot.internal-pod.dv2.oraclecloud.com./CNAME,
iot.internal-pod.us.oraclecloud.com.,rrset/name/*.iot.internal-pod.us.oraclecloud.com./A,rrset/name/*.iot.internal-pod.us.oraclecloud.com./AAAA,'Oracle',,,,rrset/name/*.iot.internal-pod.us.oraclecloud.com./CNAME,
iot.internal-pod.europe.oraclecloud.com.,rrset/name/*.iot.internal-pod.europe.oraclecloud.com./A,rrset/name/*.iot.internal-pod.europe.oraclecloud.com./AAAA,'Oracle',,,,rrset/name/*.iot.internal-pod.europe.oraclecloud.com./CNAME,
iot.internal-pod.ocs.oraclecloud.com.,rrset/name/*.iot.internal-pod.ocs.oraclecloud.com./A,rrset/name/*.iot.internal-pod.ocs.oraclecloud.com./AAAA,'Oracle',,,,rrset/name/*.iot.internal-pod.ocs.oraclecloud.com./CNAME,
iot.internal-pod.pp1.oraclecloud.com.,rrset/name/*.iot.internal-pod.pp1.oraclecloud.com./A,rrset/name/*.iot.internal-pod.pp1.oraclecloud.com./AAAA,'Oracle',,,,rrset/name/*.iot.internal-pod.pp1.oraclecloud.com./CNAME,
oracleiotcloud.com.,rrset/name/*.oracleiotcloud.com./A,rrset/name/*.oracleiotcloud.com./AAAA,'Oracle',,,,rrset/name/*.oracleiotcloud.com./CNAME,
eu1.mindsphere.io,rrset/name/*.eu1.mindsphere.io./A,rrset/name/*.eu1.mindsphere.io./AAAA,Siemens,,,,rrset/name/*.eu1.mindsphere.io./CNAME,
eu2.mindsphere.io,rrset/name/*.eu2.mindsphere.io./A,rrset/name/*.eu2.mindsphere.io./AAAA,Siemens,,,,rrset/name/*.eu2.mindsphere.io./CNAME,
cn1.mindsphere-in.cn,rrset/name/*.cn1.mindsphere-in.cn./A,rrset/name/*.cn1.mindsphere-in.cn./AAAA,Siemens,,,,rrset/name/*.cn1.mindsphere-in.cn./CNAME,
na.airvantage.net,rrset/name/*.na.airvantage.net./A,rrset/name/*.na.airvantage.net./AAAA,Sierra Wireless,,,,rrset/name/*.na.airvantage.net./CNAME,
eu.airvantage.net,rrset/name/*.eu.airvantage.net./A,rrset/name/*.eu.airvantage.net./AAAA,Sierra Wireless,,,,rrset/name/*.eu.airvantage.net./CNAME,
bs.airvantage.net,rrset/name/*.bs.airvantage.net./A,rrset/name/*.bs.airvantage.net./AAAA,Sierra Wireless,,,,rrset/name/*.bs.airvantage.net./CNAME,
m2mop.net,rrset/name/*.m2mop.net./A,rrset/name/*.m2mop.net./AAAA,Sierra Wireless,,,,rrset/name/*.m2mop.net./CNAME,
bosch-iot-suite.com,rrset/name/*.bosch-iot-suite.com./A,rrset/name/*.bosch-iot-suite.com./AAAA,Bosch,,,,rrset/name/*.bosch-iot-suite.com./CNAME,
bosch-iot-hub.com,rrset/name/*.bosch-iot-hub.com./A,rrset/name/*.bosch-iot-hub.com./AAAA,Bosch,,,,rrset/name/*.bosch-iot-hub.com./CNAME,
internetofthings.ibmcloud.com,rrset/name/*.internetofthings.ibmcloud.com./A,rrset/name/*.internetofthings.ibmcloud.com./AAAA,IBM,7.0,internetofthings.ibmcloud.com,(\S+\.)*(?=internetofthings\.ibmcloud\.com$),rrset/name/*.internetofthings.ibmcloud.com./CNAME,True
iot.sap,rrset/name/*.iot.sap./A,rrset/name/*.iot.sap./AAAA,SAP,26.0,iot.sap,(\S+\.)*(?=iot\.sap$),rrset/name/*.iot.sap./CNAME,True
ciscokinetic.io,rrset/name/*.ciscokinetic.io./A,rrset/name/*.ciscokinetic.io./AAAA,Cisco,3.0,ciscokinetic.io,(\S+\.)*(?=ciscokinetic\.io$),rrset/name/*.ciscokinetic.io./CNAME,True
pass.cloud.global.fujitsu.com,rrset/name/*.pass.cloud.global.fujitsu.com./A,rrset/name/*.pass.cloud.global.fujitsu.com./AAAA,Fujitsu,12.0,pass.cloud.global.fujitsu.com,,rrset/name/*.pass.cloud.global.fujitsu.com./CNAME,True
iot.gz.baidubce.com,rrset/name/*.iot.gz.baidubce.com./A,rrset/name/*.iot.gz.baidubce.com./AAAA,Baidu,33.0,iot.gz.baidubce.com,(\S+\.)*(?=iot\.gz\.baidubce\.com$),rrset/name/*.iot.gz.baidubce.com./CNAME,True
iot.bj.baidubce.com,rrset/name/*.iot.bj.baidubce.com./A,rrset/name/*.iot.bj.baidubce.com./AAAA,Baidu,33.0,iot.bj.baidubce.com,(\S+\.)*(?=iot\.gz\.baidubce\.com$),rrset/name/*.iot.bj.baidubce.com./CNAME,True
azure-devices.net,rrset/name/*.azure-devices.net./A,rrset/name/*.azure-devices.net./AAAA,Microsoft,1.0,azure-devices.net,(\S+\.)*(?=azure-devices\.net$),rrset/name/*.azure-devices.net./CNAME,True
mqtt.googleapis.com,rrset/name/mqtt.googleapis.com./A,rrset/name/mqtt.googleapis.com./AAAA,Google,4.0,mqtt.googleapis.com,(\S+\.)*(?=mqtt\.googleapis\.com$),rrset/name/mqtt.googleapis.com./CNAME,True
cloudiotdevice.googleapis.com,rrset/name/cloudiotdevice.googleapis.com./A,rrset/name/cloudiotdevice.googleapis.com./AAAA,Google,4.0,cloudiotdevice.googleapis.com,(\S+\.)*(?=cloudiotdevice\.googleapis\.com$),rrset/name/cloudiotdevice.googleapis.com./CNAME,True
